Solar_Year,Solar_Day,Daily Power A [W],Avg Ambient Temp C,Avg Ultraviolet W/mÂ²,Avg Wind Velocity m/s,Avg Percipitation mm
2014,1,35018.299320946,14.235373391608391,13.177018928321678,1.1928904685314685,0.0
2014,2,10026.893,14.711992102003643,18.534368663023677,3.1666364389799635,0.0
2014,3,25087.673167208,16.413116341549294,17.412619040492956,4.958040144366198,0.0
2014,4,32204.324835526,15.460040979166665,8.726607784722223,4.4493925625,0.0
2014,5,60928.434669355,24.902825188356164,47.01319509246576,2.551855099315069,0.0
2014,6,46668.215875,22.665203755593804,50.248415321858865,3.0078601359724613,0.0
2014,7,14028.683125,22.246529048473967,50.22965861400359,4.227648326750449,0.0
2014,8,60638.263002213,23.678710089041097,45.86275709931507,4.104965955479452,0.0
2014,9,57561.346875,28.07241375862069,39.471857482758615,2.2495403086206895,0.0
2014,10,28217.519402778,27.387194824531516,25.71042409540034,2.3628905059625214,0.0
2014,11,42538.878121651,21.546217361774744,21.38030533447099,1.833418709897611,0.0
2014,12,25999.180625,18.385037580589255,19.049398720970537,2.150751098786828,0.0
2014,13,52540.223959113,13.61828748263889,15.66799586284722,2.6366609861111114,0.0
2014,14,47473.642963362,14.806107616438355,14.9564673630137,2.6307934520547946,0.0
2014,15,17163.494476239,14.516988775438595,10.79381522631579,1.627953250877193,0.0
2014,16,47730.152125,13.754669558573854,14.62612621222411,2.050141553480475,0.0
2014,17,11526.309625,10.93758052530541,6.344992420593368,2.266026830715532,0.0
2014,18,56210.570877841,12.231020602006689,15.557567342809365,3.4667504096989963,0.0
2014,19,78143.917032052,13.042546432160805,18.493450557788943,4.4673648274706865,0.0
2014,20,38654.59975,11.969007268835616,14.342453433219179,1.1259418099315068,0.0
2014,21,22357.962416667,13.861310892307692,11.339898512820513,1.792222287179487,0.0
2014,22,66937.53075,15.595653820598006,18.56801134883721,2.575913725913621,0.0
2014,23,87678.548516204,13.429984107843136,19.982327044117646,2.775980496732026,0.0
2014,24,79676.193575,14.021887288743882,19.41760505709625,1.8430941435562807,0.0
2014,25,81246.426,16.045595611745515,20.54995102120718,1.988825520391517,0.0
2014,26,83477.921125,17.483225565640193,20.801502729335496,1.5176661717990276,0.0
2014,27,63914.118407895,15.200191944170772,18.121523880131363,4.0545157980295565,0.0
2014,28,35996.146,12.636346451077944,12.926267457711443,3.195743655058043,0.0
2014,29,84874.62637499999,13.07890211745514,20.74640867862969,4.716068765089723,0.0
2014,30,83750.641049699,13.492811441033925,20.65344273990307,3.8707056122778676,0.0
2014,31,63249.201875,15.935049238562092,19.326517486928104,3.72701541503268,0.0
2014,32,54100.442167355,16.97087355948553,7.2036153456591645,3.1199626045016076,0.0
2014,33,81848.499929054,11.511836944267516,21.119722796178344,1.535536127388535,0.0
2014,34,63325.315125,16.537162809917355,18.089266930578514,4.71782392892562,0.0
2014,35,20187.656229166,15.262840991304348,37.92481571478261,2.9991595426086954,0.0
2014,36,30635.65675,27.96296599675851,44.79953092382496,2.6085090016207455,0.0
2014,37,20078.212375,23.051559093548388,46.12315502580645,2.733279680645161,0.0
2014,38,75584.56007362,22.243490759055117,38.13231087244094,4.345328274015748,0.0
2014,39,15569.97775,22.33251228899836,45.4644934318555,4.345429853858785,0.0
2014,40,5070.070625,25.05687832063492,35.01258483174603,2.571243495238095,0.0
2014,41,86455.929171052,26.959715582938387,29.44306458135861,2.58014755450237,0.0
2014,42,10517.8885,21.21696379254457,19.531891667747164,1.830956304700162,0.0
2014,43,30196.341625,16.469536774091626,16.284390470774092,1.7062401642969982,0.0
2014,44,14745.061625,15.569984084142394,9.516447872168285,3.319255833333333,0.0
2014,45,49076.829875,16.626572672955973,19.448706635220127,3.099633275157233,0.0
2014,46,22356.2155,12.886886532915362,12.247106699059561,1.6105016097178684,0.0
2014,47,90224.424846591,13.032558613953489,24.62208453023256,1.7831783503875969,0.0
2014,48,80324.073875,12.05528936996904,24.155017034055728,1.7689629024767801,0.0
2014,49,81827.669570652,14.00245441411043,23.16228623619632,3.302479671779141,0.0
2014,50,90680.897597222,14.294006549317146,25.23476630652504,2.584597980273141,0.0
2014,51,37616.814,14.5075809525268,15.768598681470138,2.097141479326187,0.0
2014,52,51042.3845,13.139788691376703,18.59925832375189,2.330257273827534,0.0
2014,53,93281.554925,12.986103239520958,26.07934035778443,1.5609281916167663,0.0
2014,54,72028.059458333,14.11710033027523,22.144699525993882,3.5785169678899083,0.0
2014,55,81440.780251525,12.73308284638554,24.550894418674698,2.7110191792168674,0.0
2014,56,44631.03025,14.36144483358321,18.18319195952024,2.3611695262368815,0.0
2014,57,75074.234875,14.569179413432835,22.76876217014925,1.7963682283582088,0.0
2014,58,48722.34757783,14.53868996412556,18.137447986547087,1.954833140508221,0.0
2014,59,87892.434025485,15.684896148809525,26.585092904761908,3.5268850848214286,0.0
2014,60,35025.391625,17.186086135135135,10.161907693693694,2.502777876876877,0.0
2014,61,39454.795288461,13.893343666169896,17.591037448584203,3.4579733323397917,0.0
2014,62,63579.25875,14.624635956268223,22.379293609329448,4.634718395043731,0.0
2014,63,60684.423625,14.396866349854227,27.4193965393586,3.7768466253644313,0.0
2014,64,94309.165125,24.210918692640693,42.37355146753247,2.7996153044733045,0.0
2014,65,97188.302625,23.4103448591954,45.32888119252874,2.9633382528735632,0.0
2014,66,99317.175167722,22.469368654232426,44.604650289813485,3.036011605451937,0.0
2014,67,98624.430187501,24.2219272338594,41.07298557819225,3.146365519368723,0.0
2014,68,47140.660625,24.209495853157122,37.17815620998532,3.3522517327459616,0.0
2014,69,100646.5806375,25.470161666191157,27.36906691583452,2.083927805991441,0.0
2014,70,101100.985634615,19.208686596045197,15.717083028248586,2.7814266694915255,0.0
2014,71,87923.429463169,13.946922025974025,13.463518634920636,1.3818663102453101,0.0
2014,72,85034.849363401,15.411898458923512,25.84835573796034,1.9254014135977338,0.0
2014,73,88793.79207783,15.70163438095238,26.983732761904765,2.1451448207282913,0.0
2014,74,98013.261223634,17.44029339385475,29.275785533519553,2.2485568812849164,0.0
2014,75,95359.045486703,19.38317081058496,28.64647313370474,2.009261923398329,0.0
2014,76,94078.180300987,18.947977785216178,28.682949330543934,2.180729979079498,0.0
2014,77,86606.993791339,19.69965436514523,27.465492331950205,1.9521900041493776,0.0
2014,78,96221.118158879,16.561611495844875,29.90514241551247,1.947714746537396,0.0
2014,79,93790.244235576,15.626565745856352,29.09403809392265,1.9984577154696133,0.0
2014,80,92697.506505952,15.50926480275862,29.620056097931034,2.3092874455172416,0.0
2014,81,95792.787625,17.588637471004244,32.11961860961811,2.6602311244695898,0.0
2014,82,98377.416606771,15.470639469863013,31.625880424657534,1.9975571438356166,0.0
2014,83,80341.297096273,15.221841731182796,27.98166234811828,3.105555680107527,0.0
2014,84,96891.39725,17.024061641791047,31.142375202170964,3.3327907299864314,0.0
2014,86,52800.582125,11.938588386111112,21.542670044444446,2.613750086111111,0.0
2014,87,93678.99524999999,12.55745591518468,31.913390704514363,2.362836384404925,0.0
2014,88,74102.316109043,13.028932497319035,26.850350928954423,2.0054066742627343,0.0
2014,89,45877.610625,14.19132036510067,18.950422940939596,2.7107607382550336,0.0
2014,90,34664.562,15.719867835390946,15.422085432098765,4.052903720164609,0.0
2014,91,11875.660875,16.222947255072462,10.577676404347827,4.301038873913043,0.0
2014,92,84596.740375,14.064231326116374,9.045194167794316,3.434167941813261,0.0
2014,93,68339.239375,14.136368093708166,19.963561645247655,2.9094378661311913,0.0
2014,94,88925.75675,15.214832601342282,32.682136632214764,2.7893289825503356,0.0
2014,95,71266.4475,23.09919462818792,40.090581841610735,2.6672036832214765,0.0
2014,96,98031.52990425601,22.102828550913838,42.08965459660575,3.2721063041775458,0.0
2014,97,97414.562605095,23.375824713541665,41.40281124609375,2.5866537356770833,0.0
2014,98,96233.63332036,26.04614874934726,38.77492975456919,2.898803438642298,0.0
2014,99,46204.288125,23.55991344675325,33.277973325974024,3.380649514285714,0.0
2014,100,82456.867125,24.785037064220184,23.848070280471823,1.9015509646133681,0.0
2014,101,93019.8735,16.730682492829207,17.6424668904824,4.001260511082139,0.0
2014,102,75249.17375,13.600412723958334,12.618392233072917,2.33122840234375,0.0
2014,103,83035.292875,19.49031381443299,30.23707692783505,2.69667106443299,0.0
2014,104,58345.669272197,19.575270986449866,24.2712810799458,3.5602530948509488,0.0
2014,105,46408.7855,18.203781894871796,20.25876193974359,2.6233334346153847,0.0
2014,106,85266.240602754,18.56681465145754,31.028484173637516,2.0318125006337135,0.0
2014,107,93490.401307204,21.69930300887199,33.78898253612167,2.0046473054499367,0.0
2014,108,53014.147375,18.647831770408164,20.40050757015306,1.7176233558673468,0.0
2014,109,82899.24825,17.72827894640523,32.100467555555554,3.4626145241830066,0.0
2014,110,47034.211,16.195422207594937,19.785006016455696,2.241983206329114,0.0
2014,111,58594.18975,16.75976150127877,25.192404579283888,2.654411872122762,0.0
2014,112,93965.439282609,17.15818754,35.4597900375,2.35175010625,0.0
2014,113,89412.261375,17.731161330827067,33.95494742857143,2.246470443609023,0.0
2014,114,90126.091,16.790763875467,33.44650922042341,3.919697119551681,0.0
2014,115,97425.748125,16.015671791044774,36.473726793532336,2.6343906430348256,0.0
2014,116,96354.437895161,19.17000425463535,36.53910928800989,2.7822415797280593,0.0
2014,117,94951.525375,21.833949881627618,36.4105173810111,2.131935956843403,0.0
2014,118,94668.225405612,23.065585512851897,36.33002876988984,2.0982456976744186,0.0
2014,119,93609.431966463,22.727050247246023,36.09691468543451,1.6641371199510404,0.0
2014,120,81523.182223684,23.552869896688744,34.62436511125828,1.9001545973509935,0.0
2014,121,92656.694595,14.205162965853658,11.842004653658538,1.1958333573170732,0.0
2014,122,90997.199363255,15.533577266747868,11.176747629719854,2.731283082825822,0.0
2014,123,94013.910324176,17.049210396111786,23.915456285540706,3.3270758833535847,0.0
2014,124,94926.116844952,17.56654558060606,25.466794643636362,2.1325657272727274,0.0
2014,125,94535.93303761,23.381941026634383,36.552503966101696,2.3316990399515736,0.0
2014,126,93521.217875,20.585807024330897,35.66635758029197,2.2707219075425793,0.0
2014,127,88391.911548912,24.861211067146282,38.601081414868105,2.7448841774580335,0.0
2014,128,91483.423629717,26.39148592048193,36.16139489879518,2.550943891566265,0.0
2014,129,91501.13575,23.28333342340169,30.762076067551266,2.677985639324487,0.0
2014,130,90381.81,22.813009589928058,22.844611790167868,2.7250201103117506,0.0
2014,131,91800.792315436,16.280107768219832,17.05343288172043,2.771624945041816,0.0
2014,132,91555.72278125,12.986623487514862,12.709246959571939,1.2997622140309157,0.0
2014,133,90437.931625,25.01213920521945,35.85589462752076,2.076868397390273,0.0
2014,134,93216.073,22.433471112160568,35.42398007201889,3.9413421676505314,0.0
2014,135,93562.153375,21.636320771226416,35.72723106839622,3.2142493620283017,0.0
2014,136,87190.4135,21.038049988109393,34.41406268727705,2.151724221165279,0.0
2014,137,91861.79475,20.484891607100593,35.82455177869823,2.917830493491124,0.0
2014,138,91043.367,20.46162518149466,36.01764183985765,2.3892448517200475,0.0
2014,139,84506.140125,18.688503826086958,32.936006204465336,4.1302782902467685,0.0
2014,140,54579.331625,17.478622843113772,23.72732860838323,2.9700001245508982,0.0
2014,141,83771.322625,17.637519761792454,33.18643104834906,5.125766760613208,0.0
2014,142,96106.189,17.655333392941177,37.92388875176471,3.433137405882353,0.0
2014,143,72300.313625,18.651958531139833,30.403830162162166,2.917548086956522,0.0
2014,144,94338.65625,18.900019608440797,37.468107725674095,3.1649082801875736,0.0
2014,145,94331.151875,19.445121149882905,37.46346903864168,2.8100313512880564,0.0
2014,146,94532.866875,19.99254908235294,37.62523068470588,2.8842942329411767,0.0
2014,147,88054.175375,19.24086478403756,35.50142676877934,3.791569038732394,0.0
2014,148,49645.488,19.928050718128656,22.88240387719298,3.3922028771929824,0.0
2014,149,91639.813125,23.3293225,37.59427819859813,2.7023754941588787,0.0
2014,150,91927.420375,22.555334953271025,37.97536864836449,2.8414720864485985,0.0
2014,151,90805.456625,26.707653582750584,37.44259342890443,2.407556425407926,0.0
2014,152,92111.510625,15.400912284051223,10.105767408614668,1.6614280768335272,0.0
2014,153,87068.79975,14.790027552968569,7.416037358556461,3.4432093131548314,0.0
2014,154,92140.639625,17.64257761395349,23.182892859302324,2.0654070488372094,0.0
2014,155,85893.425,20.410019451162793,30.708841253488373,2.0314535558139535,0.0
2014,156,86334.0585,22.34677184597433,34.73725696849475,2.3750487176196033,0.0
2014,157,82044.5245,19.258527144186044,34.43321131046512,3.200523389534884,0.0
2014,158,59209.82625,20.926102129930396,28.05145580974478,3.30568460324826,0.0
2014,159,93595.616,28.887084348027845,34.456193678654294,2.3456497285382834,0.0
2014,160,90888.196375,23.257887693023253,26.791775625581398,2.2318993011627906,0.0
2014,161,63016.140125,21.45394436426914,23.35944613573086,3.1243620765661255,0.0
2014,162,88265.888875,15.994998322132098,16.554993851680184,2.2335072259559676,0.0
2014,163,88005.437375,12.715122016222479,12.212257692931635,1.3201236349942063,0.0
2014,164,86343.18525,28.74887854756381,35.48838061716937,2.5860016403712294,0.0
2014,165,84128.47575,28.62684869221835,34.68245326248548,2.2793264599303136,0.0
2014,166,85994.83675,29.81210891309386,35.05658953765933,2.5713017589803013,0.0
2014,167,57002.55825,22.344650396292007,23.603164564310543,2.605658668597914,0.0
2014,168,48390.85475,22.361137284705883,21.219501083529412,2.490333438823529,0.0
2014,169,71130.76375,21.382443793503484,29.79903688051044,2.952223639211137,0.0
2014,170,91141.869625,20.602194069284064,37.6179559595843,3.1740763660508082,0.0
2014,171,88201.24925,20.666917095953757,37.6924094150289,2.7418691052023125,0.0
2014,172,89784.3951672,21.301809069284065,37.44759204849885,3.070400413394919,0.0
2014,173,69038.412625,20.842958993055554,29.411949782407405,2.530825719907407,0.0
2014,174,61395.760875,20.513150643356646,27.095711257575758,2.493745244755245,0.0
2014,175,71759.635,21.027752161662818,31.51211636605081,3.1613165496535798,0.0
2014,176,80713.11575,22.604905457705676,33.94154421320973,3.1981461599073002,0.0
2014,177,90995.210875,21.701749347174164,37.6302589527105,2.744982817762399,0.0
2014,178,89931.1095,24.161731997695853,37.73093850230415,2.619182133640553,0.0
2014,179,89456.193375,25.669418794457275,37.94764125288684,3.380831572748268,0.0
2014,180,90011.088625,25.458429460829493,37.78229622465438,2.511674465437788,0.0
2014,181,90652.798875,23.539400935483872,37.70882859101383,3.061367275345622,0.0
2014,182,85559.553125,16.05239216991963,5.84760133065442,1.8956372376578645,0.0
2014,183,68924.90575,12.997943454440598,15.991124294117647,2.338158491349481,0.0
2014,184,89518.184375,16.72410629988466,23.3292327739331,3.3683200392156865,0.0
2014,185,89398.28625,21.89033080968858,30.253472047289506,1.9209727658592848,0.0
2014,186,89845.141,23.399442528258362,32.95840758592849,2.170415316032295,0.0
2014,187,63796.11225,19.203438867526376,26.66600213481829,2.2966393915592027,0.0
2014,188,90087.510625,24.037201692840647,37.360634666281754,3.1158585150115474,0.0
2014,189,88213.455,28.7797536073903,34.54565071709007,2.5679177321016167,0.0
2014,190,87539.5415,23.679845752601157,25.91618609132948,3.0141812554913296,0.0
2014,191,89110.499375,20.86768918055556,17.744945810185186,1.9929591863425926,0.0
2014,192,87228.30425,19.537194243119263,9.548927001146788,2.297094884174312,0.0
2014,193,82346.585125,12.047644113793103,12.261207068965517,1.412069,0.0
2014,194,89481.803,24.814641194444444,36.61820206944444,2.1575810960648147,0.0
2014,195,88981.9,27.296620254924683,36.96140308922364,2.435535040556199,0.0
2014,196,88538.7125,26.55770425087108,36.50278906039489,2.378494087108014,0.0
2014,197,84957.675875,28.27791337514518,34.044378959349594,2.0542393472706157,0.0
2014,198,85679.425,27.366180625437572,34.63332950991832,2.625884975495916,0.0
2014,199,88133.130875,23.894567705607475,36.16555882242991,3.7142330408878506,0.0
2014,200,65562.5235,21.844613015169195,28.556168747957994,3.430202404900817,0.0
2014,201,89972.21125,23.545224205847955,37.32534748654971,2.9159260573099415,0.0
2014,202,87961.78646,27.03799215672515,36.94118180116959,2.918752576608187,0.0
2014,203,87741.4911124,27.22663152872216,36.42902612895663,2.339116921453693,0.0
2014,204,88071.1733321,27.17822170387779,36.569088646298475,2.6979633090481787,0.0
2014,205,85837.55559645,25.415213988221435,35.36174257597173,3.0968788115429917,0.0
2014,206,90012.492125,22.78447324764151,35.049542204009434,2.466273686320755,0.0
2014,207,89481.4955,22.626508837869824,34.85660031242603,2.0059961337278107,0.0
2014,208,91211.08725,21.72172186729858,34.33930102606635,2.8111572950236963,0.0
2014,209,85888.44175,21.635292964848485,34.30197937212121,3.1701011333333335,0.0
2014,210,76671.148375,20.038261245192306,32.09722057331731,2.081129871394231,0.0
2014,211,88808.90487500001,21.6067190653753,35.959988179176754,2.2917272808716707,0.0
2014,212,64574.800625,21.19141344106926,27.720503544349942,3.0388620315917376,0.0
2014,213,83749.8307431,15.83465368069307,11.800703174504951,2.1307137722772276,0.0
2014,214,85448.681125,14.796298845138056,6.897820675870348,3.490116224489796,0.0
2014,215,88881.0282724,16.2596841392557,24.306230019207685,3.4672670324129653,0.0
2014,216,90120.121875,23.584036991556093,30.81999978287093,2.1984319191797344,0.0
2014,217,89771.15831,22.897028084337347,36.707179089156625,1.9465462566265062,0.0
2014,218,88059.74799535,19.475684355072463,39.41464626086957,3.5940218985507246,0.0
2014,219,88015.167529,27.274161633939393,38.93223876848485,2.3751920133333333,0.0
2014,220,87730.2311492,27.319108757020757,36.084401697191694,3.032804372405373,0.0
2014,221,89215.1468088,23.673815334143377,27.919523792223572,2.229222430133657,0.0
2014,222,88662.25075,22.16209347317073,21.238865679268294,2.010914714634146,0.0
2014,223,88909.7067661,17.282619498164014,12.546413962056302,2.349612487148103,0.0
2014,224,87892.6319863,13.512433863803682,13.043671842944786,1.3161350122699385,0.0
2014,225,88844.512375,29.58491961681088,35.349939662546355,2.8766379357231147,0.0
2014,226,89613.85302285,26.21029106765068,35.34340750799508,2.352890602706027,0.0
2014,227,89850.3245195,24.4422112108508,35.121518044389646,2.1740238976572135,0.0
2014,228,89509.4014283,25.249052331273177,34.991606337453646,1.8954059159456118,0.0
2014,229,86645.55475,27.48385089937888,33.13300789689441,3.379068499378882,0.0
2014,230,86903.8115,24.99354972534332,33.87092492509363,2.6888057602996254,0.0
2014,231,91369.898625,22.481564731585518,35.013508267166046,3.0188931760299624,0.0
2014,232,90474.9739,22.436441374217775,34.94803161076345,2.4647894055068837,0.0
2014,233,89790.27,25.360221086357946,34.90631102377973,2.9106801239048807,0.0
2014,234,89489.0041388,24.627638190954773,34.782994402010054,3.373911335427136,0.0
2014,235,91229.8208125,25.187090675062976,34.638339367758185,2.902707937027708,0.0
2014,236,89420.24001275,25.192974673417723,34.46042694303797,2.0854093556962026,0.0
2014,237,88993.6013778,26.933417901140686,33.88003272243346,2.266751247148289,0.0
2014,238,87396.15790725,28.183672641221374,34.163586181933844,2.2041561399491094,0.0
2014,239,86393.96753585,30.005087333333332,33.54980148659004,2.4020009655172414,0.0
2014,240,88806.8999164,29.06655969191271,33.7975384762516,2.790693288831836,0.0
2014,241,88510.1014127,27.026187406931967,34.26325267779204,2.164313295250321,0.0
2014,243,87380.70969325,25.31976339354839,33.062832593548386,2.0489248,0.0
2014,244,83845.5740181,15.632901159533073,12.02366681841764,1.8881971971465628,0.0
2014,245,76763.31675,15.102904616384915,3.7196192808842654,4.120719723016905,0.0
2014,246,89005.8226598,15.62971912207792,16.83985867012987,3.788874616883117,0.0
2014,247,89764.4558842,21.239561546875,18.130309397135417,2.8659506236979166,0.0
2014,248,89111.987817,22.42384382460733,39.29804742146597,2.282286310209424,0.0
2014,249,73678.119625,21.349461658142665,42.36982887752355,3.9574026110363394,0.0
2014,250,73584.8195038,25.40276664541833,42.21976878353254,2.3986277901726427,0.0
2014,251,77971.336,25.433957211229945,39.387565823529414,3.0562389719251333,0.0
2014,252,87324.798625,23.3854554535809,32.33423251856764,2.4867375066312998,0.0
2014,253,66761.460875,20.61042503320053,11.949129405046481,1.8701638260292166,0.0
2014,254,78775.972875,15.453903407806191,16.914754458950203,2.6710858277254377,0.0
2014,255,89348.6916,13.34365539544236,13.386427180965146,1.2495085201072387,0.0
2014,256,76400.99125175,23.32859362082777,28.75752477436582,2.54114385046729,0.0
2014,257,76006.9297778,23.62405654986523,29.18556778032345,2.536186088948787,0.0
2014,258,76758.703,23.819429350543476,29.76556933152174,2.5728714823369567,0.0
2014,259,74819.3239984,23.362528706206895,29.10681131862069,3.653333484137931,0.0
2014,260,89903.63175,23.37777784217687,32.704473676190474,3.4474604517006804,0.0
2014,261,74601.675125,22.626527847222224,28.677305155555555,2.635671386111111,0.0
2014,262,71474.86637275,21.99196517630854,27.90002065564738,2.1605143044077133,0.0
2014,263,71787.01325,22.562638140883976,27.944476236187842,1.8570212279005525,0.0
2014,264,43538.049625,21.794583941422594,17.731798714086473,1.405625330543933,0.0
2014,265,82814.2480403,21.696785354309164,29.742577210670312,2.8276335006839948,0.0
2014,266,89243.621875,21.648981602777777,31.15349792638889,2.4496528819444445,0.0
2014,267,88007.57017,22.095095350069734,30.21821267642957,2.1410275258019524,0.0
2014,268,88975.6437534,23.059629588888885,30.128827604166666,2.15710655,0.0
2014,269,84362.66875,23.263081941340783,28.840029067039108,2.280633213687151,0.0
2014,270,65329.426625,23.467184514124295,24.30893961581921,2.920244929378531,0.0
2014,271,84692.5247742,22.499508398876404,29.326066443820224,2.0240169213483146,0.0
2014,272,73000.8687438,23.06706454494382,24.96230050983146,2.0292369620786515,0.0
2014,273,55332.298322,25.246969717482518,21.339547711888113,2.35354320979021,0.0
2014,274,56994.1133345,14.67614052468265,9.128173569816642,1.3562294598025388,0.0
2014,275,81910.398281,12.113861644793152,20.379144904422255,4.341036813124108,0.0
2014,276,82054.5709327,15.622175290780142,28.59633603546099,3.33404269929078,0.0
2014,277,76174.65258245,19.109355414141415,31.40980398268398,2.265560453102453,0.0
2014,278,81391.07888205,23.71666669153515,41.297804774748926,2.472883886657102,0.0
2014,279,89657.7723352,22.71695450935252,32.66826989064749,2.3880576446043165,0.0
2014,280,60868.1593977,24.60509125648415,44.56977250144092,2.8385447896253604,0.0
2014,281,65756.926125,24.80549043923865,42.08322013323572,3.0700099048316254,0.0
2014,282,24397.14525,23.57642139411765,30.16651291617647,2.6481618823529414,0.0
2014,283,21495.274823749998,21.318463711304346,12.74561392173913,1.1559130469565218,0.0
2014,284,19611.394529,15.118530113323125,12.75667271209801,1.547600868300153,0.0
2014,285,87418.027611,14.04448567647059,15.110331961764707,1.585196111764706,0.0
2014,286,24380.04217745,18.667064797014923,13.012256631343284,1.8794527985074627,0.0
2014,287,76054.544499,18.715460096530922,26.03620626696833,2.3143791478129714,0.0
2014,288,59640.47225,22.08423223112481,23.80925015562404,3.171879946070878,0.0
2014,289,63225.777825,22.561951023952094,23.285756417664672,2.374501101796407,0.0
2014,290,58908.8146214,21.257451564828614,20.96788331296572,2.2287134545454546,0.0
2014,291,76890.62937725,21.964703,24.75962911933535,1.515206493957704,0.0
2014,292,76975.6147932,25.87713353012048,24.084845751506023,2.4841617364457833,0.0
2014,293,73054.1556508,27.79226471755725,22.375567970992364,2.238753248854962,0.0
2014,294,69517.8095204,26.446524663622526,22.11205792998478,1.355276515981735,0.0
2014,295,61771.767125,30.288269810687023,21.142290728244273,1.6568957206106871,0.0
2014,296,86949.3490201,26.13083336969697,24.929736127272726,2.607424371212121,0.0
2014,297,79855.3582285,25.68259315160796,23.668444894333845,2.5701634441041348,0.0
2014,298,58983.859,21.571015496875,19.857962853125,3.1099740906249997,0.0
2014,299,62570.731125,21.45601561875,20.7419762359375,2.3035157296874997,0.0
2014,300,61188.8962837,20.423106754250387,19.97357848995363,1.6864503323029365,0.0
2014,301,40878.241472,21.632754974763408,16.72002277444795,2.686645758675079,0.0
2014,302,72624.669241,22.17033856875,21.3343852328125,2.7183855234375,0.0
2014,303,79930.499243,22.10357701710731,21.97438689891135,2.875557391912908,0.0
2014,304,74100.1284532,22.289741643410853,21.12423112403101,2.424031100775194,0.0
2014,305,67240.3926027,15.799738166666668,12.383219671383648,1.3796908097484275,0.0
2014,306,56334.34675,-2525238.8105494953,7.258448178451179,-2525248.211475687,0.0
2014,307,48641.3630352,16.590085298245615,32.51023928708134,3.025890620414673,0.0
2014,308,73077.565875,19.376801058064515,39.50423377419355,2.4406452483870966,0.0
2014,309,85686.835625,25.835992587677726,46.399304988941545,2.4955240647709322,0.0
2014,310,82955.09304115,25.130368560897434,47.32657936858974,2.565598392628205,0.0
2014,311,29810.8445302,27.184017569786533,46.2755040952381,2.403475735632184,0.0
2014,312,44526.3959706,26.152782505785122,45.55475044958678,3.4829753454545456,0.0
2014,313,72134.7466809,24.569850266452647,36.31197708186196,2.832798407704655,0.0
2014,314,33337.49425,19.932714222972972,10.994520925675676,1.423310841216216,0.0
2014,315,53820.581745100004,18.677749725293133,18.50462870854271,3.4743720234505857,0.0
2014,316,71112.1504288,14.673339319932998,14.343286765494137,0.8679787906197654,0.0
2014,317,43450.807375,20.441001190972223,18.055592072916667,2.7920718663194446,0.0
2014,318,40408.288875,17.911952432612313,15.191753467554078,2.726650114808652,0.0
2014,319,69920.0884658,16.834665673735724,19.897282295269168,2.130668921696574,0.0
2014,320,68109.096125,17.426633256281406,19.365290557788946,1.6542155678391959,0.0
2014,321,27282.683275,16.427142331674958,13.221778543946932,1.3208955538971807,0.0
2014,322,59975.1872538,16.706042903878583,18.721718556492412,1.986087779089376,0.0
2014,323,26865.3295,19.433580388797363,11.927950205930808,3.656644848434926,0.0
2014,324,30535.80819685,18.4843912864494,12.40775648542024,1.9780160720411664,0.0
2014,325,29298.8151284,19.534986151260505,11.400844905882353,2.275042129411765,0.0
2014,326,23096.43372785,20.315672906303238,10.624031572402044,1.6762067666098808,0.0
2014,327,20904.6155,17.929902946826758,10.345193936535162,1.5148085094339623,0.0
2014,328,73134.6254422,18.4434880397351,19.117321067880795,1.7638245579470198,0.0
2014,329,54706.9562685,17.68867567278798,16.661075327212018,1.7530607061769616,0.0
2014,330,17725.6476104,14.674015590828924,9.880308582010581,2.136037716049383,0.0
2014,331,47195.87675,15.235980617801046,16.209091764397904,2.2536068464223384,0.0
2014,332,52597.584415,14.021345452631579,16.169184952631582,1.593508801754386,0.0
2014,333,62332.772125,16.240976087986464,17.568295588832484,2.4183869983079527,0.0
2014,334,47648.925875,15.567622835125448,15.825801290322579,1.2655316917562724,0.0
2014,335,77508.72725,15.986374023648649,11.504152545608108,1.1917511587837837,0.0
2014,336,67706.796625,15.598046435510888,14.918484529313233,3.155136931323283,0.0
2014,337,58642.3065916,16.261571155405406,31.232295023648646,3.0883447466216216,0.0
2014,338,63182.6223593,17.39846168205128,35.30514824102564,2.1462394034188033,0.0
2014,339,76088.70675,25.58421351959114,48.531674344122656,2.188955236797274,0.0
2014,340,77839.08748505,28.193624946826763,47.78943047684391,3.4112923156089194,0.0
2014,341,80968.34175,25.993594146258502,46.0753865,2.154847018707483,0.0
2014,342,79940.785875,28.77279950936968,46.51084847359455,2.5619251499148215,0.0
2014,343,70093.017125,24.351569613013698,40.3229647020548,2.932990984589041,0.0
2014,344,78243.274981,20.45927849484536,31.173570804123713,4.134049457044673,0.0
2014,345,45952.5226734,19.190504939759037,22.56351013597246,2.240906576592083,0.0
2014,346,53507.72791605,14.122927947826087,14.809309958260869,1.4012753878260868,0.0
2014,347,9204.248175,14.123958580882354,6.720211345588235,2.656005005514706,0.0
2014,348,26919.09725,12.202966998165138,11.365499706422018,1.889266100917431,0.0
2014,349,78241.486,15.176529773584907,17.46107475986278,3.0636364991423672,0.0
2014,350,12963.10354605,16.7820925141844,12.740338464539008,3.5641136737588655,0.0
2014,351,65126.00575,15.562215131886477,16.039719315525875,1.1654702470784641,0.0
2014,352,75697.239625,15.131349530612244,16.98558805782313,1.4516723656462585,0.0
2014,353,66366.69475,12.474526518394649,15.489230464882942,1.2721293361204014,0.0
2014,354,45005.325375,13.14016112908778,13.584659075731498,0.9680436144578314,0.0
2014,355,62099.427625,13.89280466552901,15.52716596757679,1.19689990443686,0.0
2014,356,58717.24254585,15.517327962068967,15.473627631034482,2.4017242379310346,0.0
2014,357,30945.57825,15.385081965034965,11.511077632867133,2.023441192307692,0.0
2014,358,55962.897625,15.002422082051284,14.478121825641027,1.591282100854701,0.0
2014,359,76043.657375,15.009181050847458,16.840445374576273,1.4281074101694915,0.0
2014,360,75584.3055,13.54375750338983,16.568311798305086,1.1839830779661018,0.0
2014,361,46885.951,13.223546186241611,13.72260390100671,1.9547819429530202,0.0
2014,362,42892.39925,14.426766462346762,13.224334816112085,3.0708699579684766,0.0
2014,363,65848.706875,11.723266172588833,15.595491213197969,2.2114495989847716,0.0
2014,364,83390.14925,11.480584343537414,17.179526335034012,2.703061324829932,0.0
2014,365,81336.918875,12.579369566164154,17.087650204355107,2.173115646566164,0.0
2015,1,80506.82325,14.967673701342282,17.29592275671141,1.6122483708053692,0.0
2015,2,79631.673375,13.41529685738255,17.18087659899329,1.7857103473154363,0.0
2015,3,79960.2127972,14.747563405042015,17.33806451764706,1.7510084453781511,0.0
2015,4,79887.331355,15.516219563758389,17.398685390939598,1.7496085486577182,0.0
2015,5,62273.271,13.431366785714287,16.01397969217687,1.7427097959183673,0.0
2015,6,70900.774875,12.83395948122867,17.37798770989761,1.6515074590443686,0.0
2015,7,76683.874125,12.837242279731994,17.244714592964826,1.363204944723618,0.0
2015,8,76045.03575,14.436678182274248,16.881656451505016,1.6303233628762541,0.0
2015,9,80523.869875,15.174498762541806,17.60312996153846,2.9836957892976588,0.0
2015,10,64668.585125,14.538972663333334,16.414759485,1.7363333933333336,0.0
2015,11,76191.4925,16.17825264321608,17.313229058626465,1.66113908040201,0.0
2015,12,55877.6435033,15.73327750084317,15.173683281618887,1.460427249578415,0.0
2015,13,67308.098,15.205275323232325,16.349655220538722,1.4003367171717171,0.0
2015,14,35561.515125,14.658782696969697,13.275658708754207,0.9765712693602694,0.0
2015,15,36364.94275,14.446964994940977,13.464231881956156,3.2322654806070825,0.0
2015,16,66057.84475,11.456755800664451,16.441206749169435,2.547536101328904,0.0
2015,17,72020.169125,11.235451460396039,18.554995821782178,1.5109736567656766,0.0
2015,18,41143.43375,14.88495831932773,15.03167978487395,1.6396919327731092,0.0
2015,19,89520.2125808,11.274317398360655,19.36292192786885,4.0411204,0.0
2015,20,49986.2325,11.500482329931973,16.39071380782313,3.0228175850340135,0.0
2015,21,59193.06328855,11.798203044117647,15.631940879084967,3.4724402418300655,0.0
2015,22,58259.093375,13.696254498371335,16.159666229641694,3.74025535504886,0.0
2015,23,28416.61848965,14.928286798668886,12.672394692179699,1.8217138585690515,0.0
2015,24,59412.699875,11.662553530254778,16.070584515923567,1.5494427165605096,0.0
2015,25,84315.08576185,16.96497872990354,20.186939429260452,1.565728844051447,0.0
2015,26,84202.889125,15.972926869983947,20.38093612199037,1.4428839390048154,0.0
2015,27,83854.5825,14.520421092651757,20.169907889776358,1.5312566916932908,0.0
2015,28,81952.525125,15.251382505582136,19.9870886076555,1.5877193524720894,0.0
2015,29,50935.45175,15.110332006525285,17.298193352365416,2.9464112120717783,0.0
2015,30,71922.65475,17.02069814935065,20.311109762987012,5.525460193181818,0.0
2015,31,73377.431875,15.144276332268372,20.008363805111824,6.021113169329073,0.0
2015,32,81982.862125,12.149262039556962,20.432230191455698,2.6503956772151898,0.0
2015,33,30689.78490625,11.329099097719869,13.168791806188924,2.823045713355049,0.0
2015,34,21828.39775,12.92824938009788,11.457976352365415,3.177814168026101,0.0
2015,35,93913.3545,11.471095735849056,21.89253140408805,4.412945696540881,0.0
2015,36,95861.428875,10.978003639625584,22.033143893915756,3.3362195959438377,0.0
2015,37,91503.148375,11.059242431464174,22.094090010903425,2.295431026479751,0.0
2015,38,66707.892375,9.76635602488336,18.39780394712286,1.339476433903577,0.0
2015,39,89056.4785,11.228715589783281,21.65953287770898,2.500619294117647,0.0
2015,40,79448.73775,12.606687814930016,21.021970311041994,3.5379213312597204,0.0
2015,41,18568.884125,12.184894548494983,9.525964683946487,2.3869008712374584,0.0
2015,42,28391.501625,12.327682238618525,12.780356180533753,1.6127158869701725,0.0
2015,43,83430.912,-2329177.9005171987,23.05980504347826,-2329190.699223542,0.0
2015,44,89212.41975,13.992170632930513,23.235262546827794,2.3084089561933534,0.0
2015,45,50405.1529735,14.276336265648856,18.744697424427482,3.2999238183206105,0.0
2015,46,27244.239375,14.262597608087091,13.187258169517886,3.3882064805598757,0.0
2015,47,35633.62725,13.622128624615383,13.854915284615384,2.426589849230769,0.0
2015,48,94965.1574265,14.153796352941177,24.778428310708897,4.14281064856712,0.0
2015,49,92934.010125,15.334987771428573,24.813043245112784,3.024536452631579,0.0
2015,50,89712.475125,15.565062914285713,24.66441603157895,2.5698747684210526,0.0
2015,51,46022.966,13.813843958395246,17.218150117384845,1.63632990936107,0.0
2015,52,81017.348,16.233582678624813,24.146170340807178,3.210538255605381,0.0
2015,53,92108.19745965,15.529616129985229,25.97931844903988,2.983481156573117,0.0
2015,54,45742.62125,14.835000524242423,17.733143937878786,3.130202166666667,0.0
2015,55,93627.889125,13.886421936764707,25.5746061117647,2.891691313235294,0.0
2015,56,93244.30175,15.081762730486009,26.30171935640648,2.4481346053019144,0.0
2015,57,88771.05625,16.98820987190684,25.756887602620086,1.944808398835517,0.0
2015,58,76069.19175,16.854081187683285,24.515981511730203,2.4734849530791787,0.0
2015,59,78669.3376726,17.395809531609196,24.702078670977013,2.0836207471264365,0.0
2015,60,85788.449375,16.130732367052023,26.172285699421966,2.383622430635838,0.0
2015,61,91993.805125,16.22434078273381,27.2654565942446,1.80175065323741,0.0
2015,62,90136.048,16.263844937771346,27.05052528219971,1.9184757091172215,0.0
2015,63,69294.3505,18.185869631884056,23.95065635942029,2.0632850985507245,0.0
2015,64,92649.9565,15.916762823021582,26.956459228776975,3.6968347208633094,0.0
2015,65,101463.37425,16.199216777777778,28.312054992877492,3.6853040655270655,0.0
2015,66,99695.687375,16.179706179231864,28.565899091038407,2.7353723172119486,0.0
2015,67,94893.6245,17.52926035533708,27.795117460674156,1.6309223342696628,0.0
2015,68,92134.793625,16.05181802832861,27.8825952407932,1.8963409532577902,0.0
2015,69,24491.9035,13.411952677290836,18.84216134262948,1.1885790199203186,0.0
2015,70,94399.6635,18.196522075630252,28.303670042016808,1.7840103277310926,0.0
2015,71,94046.036625,18.23474196056338,28.903519378873238,1.8467841056338028,0.0
2015,72,93088.2,16.684500613445376,28.494992228291316,1.9015873711484594,0.0
2015,73,96724.044,19.42911454520167,29.151142824756604,1.9554010945757998,0.0
2015,74,97124.671375,15.840707678224687,28.99501034257975,2.187841037447989,0.0
2015,75,97921.612466,14.763303701807228,32.27836953313253,2.7095884638554217,0.0
2015,76,50410.471125,12.933145349363507,19.912986667609616,2.8207214922206507,0.0
2015,78,28629.14975,13.176383548117155,13.74409808786611,2.648396189679219,0.0
2015,79,40167.21775,14.781378620886981,16.77400181402003,1.5462327453505007,0.0
2015,80,73867.229875,14.962276289655174,26.467996915862066,2.7400920634482757,0.0
2015,81,31143.118625,14.146337513736263,14.018370262362637,1.6608974848901097,0.0
2015,82,76246.919375,14.715854143631438,25.311759783197832,3.2610886666666663,0.0
2015,83,64434.08325,13.45181403443526,23.29801146831956,3.1554179600550962,0.0
2015,84,104622.22175,14.972030425531916,31.333822514627663,3.648515220744681,0.0
2015,85,72442.2395,16.51442062533693,27.284280369272235,2.0620620741239892,0.0
2015,86,98336.594,17.246644570666668,32.239043699999996,2.207022288,0.0
2015,87,94454.836375,22.513226772303593,31.940698370173102,1.9646249946737684,0.0
2015,88,92930.68025,23.68805773753281,31.461212274278214,2.337948498687664,0.0
2015,89,98106.855,22.04265355,32.402009460526315,1.9089035749999999,0.0
2015,90,94019.11675,22.842832121372034,31.870150040897098,1.615413407651715,0.0
2015,91,96981.83475,24.42762408959157,32.431073429512516,2.153798939393939,0.0
2015,92,94756.89375,20.305396054830286,31.575619959530027,3.1461489490861623,0.0
2015,93,70976.8223905,17.81180375596817,26.827688139257294,2.169407668435013,0.0
2015,94,75877.803375,19.141557388451442,27.346400790026248,1.9411855433070866,0.0
2015,95,36994.795625,17.46794534589502,16.592891545087483,2.607918449528937,0.0
2015,96,27700.331625,16.569557905387647,12.9548080565046,2.171572576872536,0.0
2015,97,80289.2055,17.073414863753214,28.360121444730076,5.375578646529563,0.0
2015,98,4914.651375,14.857156742937853,4.538044333333334,5.0954569322033905,0.0
2015,99,78648.235375,16.672057690721648,29.37565422809278,3.6916453724226805,0.0
2015,100,75663.79,16.960055735558406,27.34786187548139,2.8655542451861358,0.0
2015,101,94477.628033,18.106808259946952,33.95464437533156,2.1837976140583555,0.0
2015,102,94680.98375,17.874808245524296,33.020154445012786,2.4531117685421995,0.0
2015,103,97093.96,18.60676885568327,33.3043745862069,3.066006943805875,0.0
2015,104,37644.98659625,17.791741489088576,16.39099049037227,3.7264229319640565,0.0
2015,105,73036.932125,16.726535506988565,28.309867301143584,2.0140830965692507,0.0
2015,106,75772.40225,17.522584657971016,31.517345223188407,2.873550847826087,0.0
2015,107,93927.864375,18.188874912768647,33.26767755120101,2.271175819216182,0.0
2015,108,94808.827875,18.491509625157235,33.86034345660377,3.018679366037736,0.0
2015,109,98374.7295,18.145895644278607,34.62063925995025,2.5629768718905472,0.0
2015,110,93560.743875,19.393449552238806,33.83945967288557,2.061235563432836,0.0
2015,111,80116.87525,18.620245672908865,30.131005061173536,3.4903871835205993,0.0
2015,112,86550.79975,18.57441157125155,31.682234356877323,2.7764561350681536,0.0
2015,113,94813.4207,19.087991741614907,34.21523250062112,2.277494908074534,0.0
2015,114,45832.82375,17.075310980099502,19.99540436567164,2.5036070460199005,0.0
2015,115,58123.97425,18.12818592777086,23.865462328767126,2.775321824408468,0.0
2015,116,89637.30475,17.927695224287486,33.546249667905826,4.764994059479554,0.0
2015,117,70401.366375,17.892339112469436,27.714941783618585,3.340872206601467,0.0
2015,118,96629.530875,18.63327257108141,35.43730438031592,2.6643378979343866,0.0
2015,119,97271.439,18.707265067155067,35.63874161782662,2.721937435897436,0.0
2015,120,94882.93875,19.342390932680537,35.87892104161567,2.156283223990208,0.0
2015,121,89069.112875,21.69214610526316,34.904894009791924,1.7912281248470012,0.0
2015,122,92536.283,23.100425353584445,36.084727786148235,2.6056299040097204,0.0
2015,123,54871.244875,19.567417919610232,23.50662386967113,2.008262354445798,0.0
2015,124,26372.252875,18.56753949127182,12.914588684538653,3.159497233167082,0.0
2015,125,88158.19475,18.43594072683514,33.90790906498195,3.070036241877256,0.0
2015,126,94592.594125,19.471280804295944,35.99263100238663,2.1984686646778044,0.0
2015,127,95356.8685,19.70685344219309,36.78729285101311,2.569805450536353,0.0
2015,128,90815.944375,19.939506241338112,35.20922889605735,2.995918082437276,0.0
2015,129,91070.01,24.31293241037736,35.225499754716985,2.2866942523584903,0.0
2015,130,91730.84175,24.735099195238096,35.43126913214285,2.892043770238095,0.0
2015,131,95437.468,22.740982846611175,36.484420769322234,3.111791653983353,0.0
2015,132,89034.53775,24.01899369928401,30.85353548687351,2.69280042124105,0.0
2015,133,83332.6575,28.5834916935867,29.29681476840855,2.510114906175772,0.0
2015,134,87090.223895,29.76967384198113,32.10162835259434,3.1050905448113206,0.0
2015,135,91018.172625,23.972478345153664,36.48275997754137,2.2903862139479907,0.0
2015,136,92736.894125,26.020007799528305,36.609087628537736,3.236851561320755,0.0
2015,137,91770.61675,25.840363308056872,36.08931053080569,2.777350024881516,0.0
2015,138,66024.50125,23.249549009411762,26.552372952941177,2.6914314858823527,0.0
2015,139,92616.347125,23.69197028202115,36.331618670975324,3.4274189012925973,0.0
2015,140,86915.241,23.00431813599062,34.55490275146541,2.8713561148886284,0.0
2015,141,91515.93075,21.769011277842907,36.14417323915592,2.792106405627198,0.0
2015,142,88787.70675,21.445140437939113,35.626832843091336,2.487997755269321,0.0
2015,143,90004.939375,21.45883168112544,35.46635252286049,2.5621923552168817,0.0
2015,144,86953.7265,20.931267012865494,34.13924253918129,2.402280790643275,0.0
2015,145,84744.605625,21.00733809836066,33.889220927400466,2.411885337236534,0.0
2015,146,89523.712,21.79941664177363,35.6072734445741,2.576876799299883,0.0
2015,147,88942.150375,23.891161622377624,35.66113920862471,2.5560606853146854,0.0
2015,148,90226.838,25.554601707656612,35.33732967981438,2.5579080846867748,0.0
2015,149,84262.1115,22.572519425581397,33.43753864534884,2.3417055093023253,0.0
2015,150,86012.247375,21.965463776484285,34.900546603026775,2.2236904202561116,0.0
2015,151,89916.785875,24.855942729384438,36.93107391289199,3.1537361033681766,0.0
2015,152,566.6075,24.66916664,5.22577412,2.48883345,0.0
2015,153,87068.635875,26.061678220417633,35.5903721937355,2.4081207401392115,0.0
2015,154,87344.605875,27.339636515081207,35.638309176334104,2.990371345707657,0.0
2015,155,88223.255125,25.797948090592335,35.75549575029036,3.3922572229965153,0.0
2015,156,88521.873375,24.955439837962963,35.613857306712966,2.576466150462963,0.0
2015,157,73976.8385,26.272782363423214,27.951535117233295,2.463012998827667,0.0
2015,158,45237.746125,25.483565981395348,18.503634258139535,2.564786926744186,0.0
2015,159,26319.258625,24.323115689976692,12.79029803146853,2.081662837995338,0.0
2015,160,85456.6725,23.088040099537036,33.88117847569444,2.5023148969907405,0.0
2015,161,40277.0115,20.347508780996524,17.09466558169177,2.571263100811124,0.0
2015,162,76988.83675,20.849314526439482,31.790356092831964,3.8091267015276147,0.0
2015,163,80452.257875,20.342551969976906,33.208790715935336,3.429080217090069,0.0
2015,164,71819.723625,18.80835280974478,30.27657012761021,3.331516002320186,0.0
2015,165,82142.58625,19.727013606936417,34.015846868208094,3.6174953479768788,0.0
2015,166,80333.68725,20.10928281242808,33.39885443958573,3.3418490138089756,0.0
2015,167,89376.4175,22.46455698964327,36.69414916455696,2.656789523590334,0.0
2015,168,87996.198625,26.8699078872267,36.43503002531646,2.8815881703107022,0.0
2015,169,88757.273375,25.448103425287353,36.49726847931034,2.792011603448276,0.0
2015,170,85903.97625,26.679693482758623,35.898702839080464,2.1545020103448276,0.0
2015,171,88114.10775,26.506547608294934,35.7357152062212,2.4011521635944697,0.0
2015,172,87319.974125,23.304027482163406,34.24588790909091,2.624760346375144,0.0
2015,173,88398.550875,23.771794893226176,36.0195877543054,2.9055875729047074,0.0
2015,174,89698.802375,22.89140840183697,36.356146644087254,3.3144662686567163,0.0
2015,175,76231.77125,22.45788602996255,34.28098616479401,2.544735852684145,0.0
2015,176,86963.93,24.835607869266056,36.22050936582569,2.082970270642202,0.0
2015,177,86190.163625,29.433926555683122,35.95088991733639,2.2161118381171065,0.0
2015,178,84750.523125,33.429625339449544,35.75049039220183,2.3617928876146785,0.0
2015,179,87132.65175,29.293233972477065,35.74809530733945,2.3026185951834863,0.0
2015,180,87354.116375,23.732835825487946,34.90866380941446,2.5307501722158436,0.0
2015,181,40462.337375,20.876589963218393,17.572094229885057,2.2110728770114942,0.0
2015,182,74614.51675,22.64318448568156,30.660070684994274,2.862982184421535,0.0
2015,183,89911.182875,25.006391111366245,36.01155511251435,2.764045274397245,0.0
2015,184,89691.52575,25.858725549942594,36.19341423536166,2.6681401825487945,0.0
2015,186,85717.195875,29.36382829689298,35.88437690794016,2.471058761795167,0.0
2015,187,84312.265,28.521337923875432,34.240097912341405,2.1053633875432523,0.0
2015,188,82766.148125,30.89452111494253,32.93675107701149,2.3874139,0.0
2015,189,81857.91225,29.320398032146954,34.27406693455798,2.3001914305396096,0.0
2015,190,87466.855375,26.140870672036826,35.68153147525892,2.4151899666283083,0.0
2015,191,87758.96625,24.630900342528737,35.945643110344825,2.024214603448276,0.0
2015,192,87101.334625,28.451436845977014,36.11817687586207,2.4054215632183906,0.0
2015,193,88864.01175,27.28285390794016,36.20228078941312,2.390352989643268,0.0
2015,194,87499.669125,27.278648209677417,35.42772343548387,2.385042329493088,0.0
2015,195,85387.976375,26.99953811547344,32.57179993648961,2.1141455762124712,0.0
2015,196,78265.647375,29.473348706836617,30.46896451448436,2.3193318644264194,0.0
2015,197,79472.062875,31.143383497685186,31.74197996412037,2.151948386574074,0.0
2015,198,56072.962875,27.136550372093023,23.75969083023256,2.0118992941860463,0.0
2015,199,85717.715875,28.55218731010453,35.1325906387921,3.122203010452962,0.0
2015,200,86495.15215505,27.859036578034683,35.73775258728323,2.992716879768786,0.0
2015,201,86261.5825,27.952027761297796,35.86485028273465,2.5470452804171497,0.0
2015,202,84383.855375,28.627771365005792,33.96948567207416,2.2808227786790267,0.0
2015,203,86088.035875,31.63010436426914,35.5794578225058,2.7125871287703016,0.0
2015,204,86587.989258,29.82244794199536,34.991538196055686,2.6223899129930395,0.0
2015,205,85513.9284898,28.271763567441862,35.80410873139535,3.4386435651162794,0.0
2015,206,87826.890875,24.897093002325583,35.53060177209302,2.4346512511627907,0.0
2015,207,88386.833,25.588156385064178,35.33423683547258,2.18156368378063,0.0
2015,208,85582.148875,29.379711806074766,35.76715901285047,2.652803832943925,0.0
2015,209,85846.032125,28.415516577777776,33.87857413450293,2.0292203707602336,0.0
2015,210,87147.763375,30.134507091549295,35.55435436267606,2.8170580293427228,0.0
2015,211,86823.74167675,26.536513460541816,36.11680123910483,3.52946620376914,0.0
2015,212,89059.5285,24.575078447058825,35.56721908235294,3.908608002352941,0.0
2015,213,90239.32949999999,24.020302667452828,35.54769010141509,2.363364862028302,0.0
2015,214,77994.805875,28.319743609467455,30.327226056804733,2.1528797479289943,0.0
2015,215,54242.8245,23.58429015789474,22.667251351674643,2.342085428229665,0.0
2015,216,89544.319886,24.548079950118762,34.92875297862233,2.9378267315914486,0.0
2015,217,89150.69125,26.83819444047619,34.599052546428574,2.3475000892857145,0.0
2015,218,76605.590625,27.81041417204301,25.037628579450416,2.051214722819594,0.0
2015,219,56038.68575,29.800407096459097,17.45496185347985,2.191819380952381,0.0
2015,220,66027.7071868,27.76171559168704,26.48098688630807,1.846556704156479,0.0
2015,221,28867.618625,30.219331613776138,13.069422451414514,2.054161590405904,0.0
2015,222,79122.326,27.097352608904934,29.6921605078219,2.7949259157641393,0.0
2015,223,75190.426625,24.598325198547215,27.924624485472155,2.1090799878934625,0.0
2015,224,53362.179375,26.14226260121212,21.60264918060606,2.4793132206060604,0.0
2015,225,86411.951,25.170933502403845,31.481312092548077,2.800360673076923,0.0
2015,226,92446.7595,24.026025064555423,33.539666799025575,3.368331438489647,0.0
2015,227,88596.089375,24.26134796589525,33.18599198781973,3.681750079171742,0.0
2015,228,85218.402,23.55660142787286,32.8924871797066,3.893541327628362,0.0
2015,229,90784.006875,23.846613696450426,33.32670210893513,2.310628416156671,0.0
2015,230,89858.0785,23.71445536363636,32.16456945945946,2.2882679201474203,0.0
2015,231,87079.49175,22.551660580565805,30.05642663714637,2.3675277798277983,0.0
2015,232,87091.306875,26.43524684691358,31.610742839506173,2.9080042407407407,0.0
2015,233,64974.58575,22.48490765491184,25.40509366624685,2.394374573047859,0.0
2015,234,73526.645,22.048164539240503,27.643761298734177,2.510168881012658,0.0
2015,235,90131.83725,21.48865332169576,32.49403953865337,4.069721711970074,0.0
2015,236,87934.057375,22.84297693836478,32.29856895974843,3.1641510767295595,0.0
2015,237,90023.50675,24.816979185,32.095405344999996,2.7066876074999997,0.0
2015,238,88659.20825,24.650041854271354,31.650975885678392,2.1827680728643215,0.0
2015,239,89354.395625,26.35129809798995,31.578058870603012,2.3708752952261305,0.0
2015,240,87411.790375,28.437011394703656,31.435909820933166,2.3411518348045397,0.0
2015,241,70209.9585,27.516304784163474,25.834545132822477,3.1348447586206896,0.0
2015,242,75466.529875,25.81540921994885,25.511867094629157,2.718158691815857,0.0
2015,243,82281.6545,23.34765194465409,29.764852005031447,3.1125158301886793,0.0
2015,244,89696.094875,23.161047282247765,31.928977120051083,2.3975309540229883,0.0
2015,245,87421.4,23.395557026525196,31.7818824668435,2.7278736843501323,0.0
2015,246,79941.659125,21.61873379844961,28.464281333333332,3.9279932855297157,0.0
2015,247,85469.665125,21.421459712418297,30.079927134640524,3.3191722627450977,0.0
2015,248,40181.493375,20.313719050715214,18.056657966189857,1.8567837451235372,0.0
2015,249,86175.66575,22.94446604150454,30.871875494163422,2.3531993981841763,0.0
2015,250,88256.5242801,22.59713534375,30.979956061197914,2.2998915963541666,0.0
2015,251,81125.117875,22.40634603162055,29.10435257839262,2.191875378129117,0.0
2015,252,82134.897625,24.480497335078535,28.899204081151833,1.786474755235602,0.0
2015,253,87752.146125,23.762472484848487,31.45604605270092,2.599473092226614,0.0
2015,254,88607.087,22.291225732804232,30.869721273809525,2.272420724867725,0.0
2015,255,85662.8615,23.35462334776725,31.081508879566982,3.274921200270636,0.0
2015,256,83766.851375,20.152285794940077,29.505661185086552,3.2100312170439413,0.0
2015,257,74589.60225,21.751496863270777,27.63216821849866,2.623391508042895,0.0
2015,258,71904.975,19.898245568151147,27.908121897435898,2.927328062078273,0.0
2015,259,31763.441875,20.795043282401092,15.681098559345157,4.08301519372442,0.0
2015,260,88670.60525,20.499532710280373,29.583624311081444,2.3908990854472627,0.0
2015,261,93471.7425,24.009928519410973,30.736832309236945,2.59883990896921,0.0
2015,262,89751.356125,25.978853053763444,30.08604210483871,2.492226818548387,0.0
2015,263,90532.942817,25.315407130904184,29.623231635627533,2.8887540458839407,0.0
2015,264,70250.64625,24.314438324693043,25.3837934106412,2.3920191923601637,0.0
2015,265,86204.36725,24.947547621253406,27.9642881226158,2.443392485013624,0.0
2015,266,90215.999875,21.675239444596443,29.214222603283172,2.2927953488372093,0.0
2015,267,91459.211,21.766301849521202,29.268195151846786,2.3028500656634745,0.0
2015,268,65805.732375,21.660087728531856,23.41607874792244,2.093721188365651,0.0
2015,269,83371.644625,22.58040293681319,27.343293041208792,1.900480857142857,0.0
2015,270,89392.56775,24.48777623756906,28.109892415745854,1.942794723756906,0.0
2015,271,88440.525625,24.14514566435506,27.411289238557558,3.189135593619972,0.0
2015,272,89487.6105,23.343133134078215,27.906155389664807,2.9032589636871506,0.0
2015,273,77454.4715,21.91552050618982,25.25389180605227,1.9945897138927098,0.0
2015,276,31951.65775,22.541356351063833,23.83540159308511,2.9598405319148937,0.0
2015,277,27794.5159292,23.16110299140401,11.784140957020059,1.6007402378223494,0.0
2015,278,33960.076375,22.306915229850745,15.18865857313433,3.099403097014925,0.0
2015,279,76706.760875,21.675718295977013,26.03076420833333,2.71142253591954,0.0
2015,280,79792.61775,20.63202201144492,25.511159288984263,2.333238034334764,0.0
2015,281,90913.980375,20.39017340751445,27.141686166184968,2.3108382268786127,0.0
2015,282,82636.4259516,19.77063611477762,25.904580642754667,2.3508130918220944,0.0
2015,283,9799.56449325,18.073298105900154,7.013569670196671,2.6165658925869892,0.0
2015,284,51062.460625,20.30841860437956,19.858960601459852,2.034428308029197,0.0
2015,285,56002.06608125,20.781489534206695,21.68209658806405,3.025254845705968,0.0
2015,286,73575.8505058,20.94210920943953,24.371079269911508,1.8891101843657816,0.0
2015,287,85648.14175,20.5963990540146,26.54985403357664,2.1933577503649637,0.0
2015,288,85576.674,20.896361882005902,26.167957675516227,1.8657326120943953,0.0
2015,289,76229.617125,20.19740366172107,24.263423706231453,2.0736400326409496,0.0
2015,290,37639.44,21.996215620528773,15.936524903576984,4.259538813374806,0.0
2015,291,20130.2695,19.588788346907997,11.452611549019608,1.72327812066365,0.0
2015,292,52967.588125,20.743088811377245,19.66984395808383,3.6583335000000003,0.0
2015,293,13815.50925,19.433663722560976,8.698562304878049,4.255411772865854,0.0
2015,294,83087.28325,21.928482519402984,25.095387114925373,1.887636885074627,0.0
2015,295,86779.066625,20.99059576661743,24.42021228212703,2.1070655583456426,0.0
2015,296,16767.966875,19.351177337519623,10.390110359497646,1.0739403830455259,0.0
2015,297,21042.003375,19.651601074015748,12.155742892913386,1.370314981102362,0.0
2015,298,64054.554125,20.593840618012422,21.706484416149067,2.552510444099379,0.0
2015,299,74135.1922627,21.01301927963526,23.110638065349544,2.8748987887537996,0.0
2015,300,59763.285717,17.932723737804878,20.187951100609755,2.1109248643292684,0.0
2015,301,77738.02075,18.947865981707317,23.076101727134144,1.943394375,0.0
2015,302,83770.1035,19.292725880551302,23.7674714762634,1.757274180704441,0.0
2015,303,69741.5455,19.62987619504644,21.665650708978326,1.761764769349845,0.0
2015,304,17481.5197602,17.429425878787878,10.809562531100479,1.8877991068580542,0.0
2016,1,29364.564375,18.404498356401383,11.396114065743944,3.874740664359862,0.0
2016,2,27489.3301794,15.611170028218696,12.28496904585538,1.0089653421516755,0.0
2016,3,24287.231,17.0158922444062,9.777052931153184,2.9935744406196214,0.0
2016,4,15645.259625,18.102050228471004,9.048737822495607,4.237756490333918,0.0
2016,5,54366.8565,13.669165632027259,14.721421989778534,3.7545998330494035,0.0
2016,6,58956.658125,14.501886648648648,16.009253650337836,2.4099099983108108,0.0
2016,7,11472.92375,16.51565069337979,7.5952737108013935,2.36010462543554,0.0
2016,8,9862.048625,16.89367733916084,7.063300417832168,3.560839339160839,0.0
2016,9,68808.91575,15.435269005199308,18.128964916811093,2.7681976949740035,0.0
2016,10,40053.827375,17.38710610135135,14.268153190878378,4.298198393581081,0.0
2016,11,23469.98775,14.938103700000001,11.861206320689655,2.2179886,0.0
2016,12,72367.529375,14.177443182579566,17.919400879396985,1.5067281390284757,0.0
2016,13,73105.22875,14.67355118729097,17.83861653511706,1.902313324414716,0.0
2016,14,30332.93975,15.230988264900661,12.7509759205298,1.294619240066225,0.0
2016,15,80098.7881447,15.002373350083753,18.78385398157454,2.3115299648241208,0.0
2016,16,86212.5024065,12.896474304132232,18.77407596694215,2.8710744975206612,0.0
2016,17,37842.2195878,12.175579897350994,13.965626566225165,1.6091060182119206,0.0
2016,18,56398.225,15.4932174551495,16.260672754152825,2.0267996328903655,0.0
2016,19,41116.170625,13.62474962541806,14.833870086956523,1.2872909983277592,0.0
2016,20,59055.238375,16.04226707872697,17.887460956448912,1.6418760971524287,0.0
2016,21,17457.48225,16.481281726812814,9.607434406408094,1.3391512394603708,0.0
2016,22,45344.82876815,17.366240919931858,15.405380407155025,1.722004597955707,0.0
2016,23,63587.88275,16.894945485245902,17.977103375409836,2.266694060655738,0.0
2016,24,27214.197875,16.729187926544242,12.32915189148581,2.0952143188647745,0.0
2016,25,31701.62275,16.088711781512604,12.774148085714286,2.170392220168067,0.0
2016,26,63418.91775,14.273437030995108,18.05436345187602,1.4878738907014681,0.0
2016,27,72392.069375,14.251097287319423,19.186878192616373,1.1462546853932585,0.0
2016,28,28499.41925,14.238770349258647,13.244799121911038,1.0747117034596376,0.0
2016,29,82471.61412500001,14.388942430622011,20.427620446570973,1.6025252998405104,0.0
2016,30,77134.455625,15.895464405063292,19.460587939873417,1.4482595348101266,0.0
2016,31,83151.849625,15.914225990551182,21.2769508992126,1.6205512236220472,0.0
2016,32,81508.503,17.887500098726115,21.347382063694265,1.4442409952229298,0.0
2016,34,34613.76875,15.01605773290938,14.49478519872814,1.3636460429252781,0.0
2016,35,75503.588875,16.108200380191693,20.70899645846645,3.2322152619808304,0.0
2016,36,39966.67458475,15.384237671451357,15.96146738596491,2.445481215311005,0.0
2016,37,50436.43187985,17.01340821474359,17.56218115544872,3.0141293685897437,0.0
2016,38,66899.118875,15.650077564142196,19.673896295208657,2.755203596599691,0.0
2016,39,51182.943375,15.786875278125,18.2151705859375,1.7185156734375,0.0
2016,40,32979.99775,15.93037407788162,14.10004992211838,3.038421749221184,0.0
2016,41,25896.82675,16.389225347133756,12.13383401433121,3.6212846640127387,0.0
2016,42,65404.950125,17.31249367851623,20.615134404945902,3.762983166924266,0.0
2016,43,8919.266125,16.247573644800003,6.5828361584,3.588853512,0.0
2016,44,42521.4485,16.46891844720497,17.53643682763975,3.9098345481366463,0.0
2016,45,76477.384625,14.117530957317074,21.392001539634148,6.989304143292683,0.0
2016,46,94083.272875,13.897980206060605,23.815614156060605,6.056187143939393,0.0
2016,47,98294.8735,11.491553938159878,24.258014233785822,2.776772349924585,0.0
2016,48,72986.78874999999,11.963927498287672,23.206261198630134,2.581107383561644,0.0
2016,49,39664.099125,11.845706814024389,16.186187606707318,2.7155488780487804,0.0
2016,50,73044.40575,13.609549351879698,21.56928195338346,2.5754888390977446,0.0
2016,51,91344.6837125,15.595939575485799,24.191399364723466,2.8060539342301944,0.0
2016,52,79973.655,15.797351568215891,21.70960407496252,2.6767617136431783,0.0
2016,53,61343.015,15.627637119402984,17.574250685074627,1.6328358671641792,0.0
2016,54,91482.670625,15.576134505917159,25.07724186242604,2.021647022189349,0.0
2016,55,56605.813125,13.820488711538463,19.43883841715976,2.7813610754437867,0.0
2016,56,53999.424375,14.049926638109305,17.96783061447563,2.3590350384047265,0.0
2016,57,18181.506625,12.678446529323308,9.964124578947368,4.069047771428571,0.0
2016,58,89262.39275,9.536510718475073,24.374229999999997,5.303348280058651,0.0
2016,59,92529.980625,13.764747702623907,25.86105831632653,5.179494909620991,0.0
2016,60,97676.57625,15.297250651230101,27.23604195513748,2.351085479015919,0.0
2016,61,48623.01675,14.708723795321637,27.054995090643278,1.3100877631578947,0.0
2016,160,18188.6759093,28.945269518151814,21.67663822442244,2.486358706270627,0.0
2016,161,81460.60725,30.857523092592594,34.866434005787035,2.760956900462963,0.0
2016,162,19010.861,24.61195986574074,33.56935830208334,3.2379823854166667,0.0
2016,163,86793.845,26.038271736720557,37.815572907621245,3.158980112009238,0.0
2016,164,89410.166375,25.708544592165897,37.68130727419355,2.7349463341013824,0.0
2016,165,86647.23125,29.555030788018435,37.88434238709678,3.2274387085253458,0.0
2016,166,88645.89475,24.918145152073734,38.18280253917051,3.7899387246543776,0.0
2016,167,73869.032,20.249538127020788,33.10625200692841,4.00839126443418,0.0
2016,168,74039.475,20.886517120828536,32.33070193325662,3.6381090920598393,0.0
2016,169,91085.073375,21.504655183908046,37.645452955172416,2.552605483908046,0.0
2016,170,89465.542625,24.506436825287356,37.669750375862066,2.462758724137931,0.0
2016,171,83404.539625,25.120555491954025,37.26773696321839,2.838793206896552,0.0
2016,172,86801.163375,26.592969471264368,37.30285584712644,2.4741380206896553,0.0
2016,173,82336.08825,26.13769611021814,37.428083993111365,3.039954181400689,0.0
2016,174,89036.946125,24.226447951668586,37.511726667433834,3.257959490218642,0.0
2016,175,75960.813625,23.038434973532794,33.37082498158804,2.4805716121979287,0.0
2016,176,77689.92675,26.499039956221196,36.119050167050695,2.9098119423963134,0.0
2016,177,89499.22575,24.47062755683123,37.3130074075775,2.8374666394948336,0.0
2016,178,77377.615625,22.486520728110598,36.308663309907836,2.517569223502304,0.0
2016,179,77993.543625,24.662183848275863,35.70184802643678,2.508965606896552,0.0
2016,180,61498.8106806,26.69806071658986,27.132136971198157,2.3068357258064514,0.0
2016,181,75441.93425,25.257041719862226,34.07048556142365,2.3904707990815153,0.0
2016,182,76585.565125,26.649311111366245,36.90447966245694,2.8655378071182547,0.0
2016,183,77166.2377624,24.052411014925372,37.35124848220436,2.1338309311136627,0.0
2016,184,76204.142125,26.178850560919543,36.09830494482759,2.2533717264367814,0.0
2016,185,75036.23825,28.101579958381503,34.01621810867052,2.270192758381503,0.0
2016,186,62173.0205,23.848154592848903,27.797302126874282,2.812841334486736,0.0
2016,187,64572.46225,23.664739898265896,30.017541825433526,2.3384008647398846,0.0
2016,188,51831.118625,22.59600626497696,22.751460925115207,2.1006721013824885,0.0
2016,189,66859.37025,21.926017808755763,30.88027888248848,2.561885669354839,0.0
2016,190,75001.841875,27.710721182968932,35.62979243268124,2.024089060989643,0.0
2016,191,75427.531125,31.055703354913295,35.34692569479768,2.2710983468208092,0.0
2016,192,75031.40825,29.43771125345622,34.57207430645161,2.1107335656682027,0.0
2016,193,75888.136875,32.88594770011534,37.310398093425604,2.37162638177624,0.0
2016,194,86117.605375,30.222164615916952,37.666988249134945,2.7857940461361013,0.0
2016,195,77919.797,27.807140147806006,37.16015683025404,2.4137606743648963,0.0
2016,196,75546.936125,27.35217475981524,36.19769711200924,2.8710355277136257,0.0
2016,197,75358.08675,27.872338048611113,36.55067232986111,3.337905241898148,0.0
2016,198,75178.258375,27.63522373611111,35.83030188888889,2.7633874895833337,0.0
2016,199,75393.04425,27.441753534183082,32.75752951564311,2.7360951274623404,0.0
2016,200,76100.737125,25.53196220162225,36.30496831170336,2.572615012746234,0.0
2016,201,68450.86412500001,28.91746970387779,27.776915952996475,2.3979828519388953,0.0
2016,202,72585.948,27.792108464075383,33.374557941107184,2.365488898704358,0.0
2016,203,74849.9765,29.73163184686775,36.56412312180974,2.978847771461717,0.0
2016,204,77634.428684,27.491695732868756,36.98672618466899,3.1320558977932635,0.0
2016,205,75092.357625,26.801007730232556,36.22466944418605,2.5746512476744186,0.0
2016,206,74913.480875,29.021275792298717,35.5680127747958,2.6122715810968495,0.0
2016,207,74424.794375,30.42647976869159,35.86710498598131,2.721417565420561,0.0
2016,208,74535.17325,28.726756473067915,35.14976748009368,2.180854879391101,0.0
2016,209,75638.3772991,26.095916260257912,36.787950518171165,2.18493560961313,0.0
2016,210,75689.774875,25.388229494712103,35.553007672150414,2.3407168860164513,0.0
2016,211,60142.736375,24.55368395508274,26.8596729822695,2.453270392434988,0.0
2016,212,72101.962,22.766409869668248,34.81319320734597,3.2084124514218013,0.0
2016,213,74965.63725,25.95049489073634,36.04800379334917,2.098040460807601,0.0
2016,214,74897.886625,28.147832933806146,36.25096875059102,2.4738377635933806,0.0
2016,215,74917.09907,25.914139049763033,35.88309071563981,1.9733610462085307,0.0
2016,216,74696.52025,26.017181410926366,35.25420665320665,2.235114880047506,0.0
2016,217,74916.219,31.127197156769597,35.55177925296912,2.336401517814727,0.0
2016,218,74713.625375,28.192740579952268,36.11288346420048,2.4663684164677804,0.0
2016,219,73877.33425,28.887125813173654,34.98703663952096,2.7767865185628744,0.0
2016,220,74705.1664431,28.785714340936376,35.09160242977191,3.2270309471788714,0.0
2016,221,74906.2945,29.180008016826925,35.31733195913461,3.0283054146634614,0.0
2016,222,71614.81825,28.33581511622276,27.46257061985472,2.43478620338983,0.0
2016,223,74667.1065,25.806204389294404,35.144853518248176,2.582502154501216,0.0
2016,224,74108.518875,28.02979366747573,34.16038122815534,3.316727485436893,0.0
2016,225,73607.35675,28.135176165249085,34.6652757691373,3.5751317885783718,0.0
2016,226,74511.389875,27.917070331719128,34.52078913438257,2.963882284503632,0.0
2016,227,75126.968375,26.968882073170732,34.2154883097561,2.3410569926829266,0.0
2016,228,63792.5545,26.632374602203182,26.120188859241125,1.6904937405140759,0.0
2016,229,70279.44694075,26.35453610591133,31.23180627216749,2.215619956896552,0.0
2016,230,73861.19225,27.643152961869617,34.12279652644526,3.0054122164821653,0.0
2016,231,74365.619625,26.121962236453204,34.42137456034483,2.450143785714286,0.0
2016,232,83271.137375,27.15731362422744,34.60182420889988,3.2362589085290483,0.0
2016,233,85373.988,28.867099774752475,34.802494419554456,2.513036412128713,0.0
2016,234,88366.731375,25.328190879801735,34.55997185625775,1.888579156133829,0.0
2016,235,83337.172,28.53628061021171,33.901597520547945,3.184827879202989,0.0
2016,236,82731.446,28.967292470588237,33.098425560700875,2.885920040050063,0.0
2016,237,80133.873625,27.65310274716981,31.546864703144657,3.0575263396226413,0.0
2016,238,79573.1509662,27.94337116919192,31.662086152777775,2.898400787878788,0.0
2016,239,78044.959375,28.05738398987342,30.23815379493671,2.98552755443038,0.0
2016,240,80451.804,27.322236344303796,29.913042537974686,2.179789115189873,0.0
2016,241,83096.565125,28.49478365394402,31.979840465648856,2.0100509541984732,0.0
2016,242,76507.17339835,30.06053872264631,28.679368436386767,2.626017910941476,0.0
2016,243,82711.787,26.556539299363056,33.20203301273886,2.899745331210191,0.0
2016,244,80809.52575,23.80869389312977,32.04504203435115,1.9849237290076336,0.0
2016,245,81565.1735,26.99766797432606,31.871020136071888,2.3749680089858796,0.0
2016,246,80812.535,27.7820232628866,31.630374850515462,2.5500215695876287,0.0
2016,247,76274.147625,29.694249878080416,29.641860447470815,2.1462603488975356,0.0
2016,248,78633.22375,31.12980055656697,30.148613045513656,2.209211176853056,0.0
2016,250,77285.55075,31.41982043101183,29.65179938370565,2.0351949842312744,0.0
2016,257,69782.4044006,23.878003661246616,29.596604295392954,3.816282921409214,0.0
2016,258,78074.664625,21.369239274406333,28.9268622823219,3.3640282875989445,0.0
2016,259,79511.829375,22.080873300531913,28.89487067287234,3.149778517287234,0.0
2016,260,76932.992875,21.27226437950664,37.668984736242884,1.9724225939278939,0.0
2016,275,84963.9295,23.896234362622035,28.26438932078103,1.9823338591352857,0.0
2016,276,92026.201,22.38769956056338,29.68495092957746,2.4638733591549298,0.0
2016,277,2499.427302,17.814705929411765,5.482789141176471,0.660196105882353,0.0
2016,306,58284.34575,21.16913019811321,18.613663341194968,3.2545860817610066,0.0
2016,307,61329.35975,20.416075175925926,19.40580413117284,2.2533694212962962,1.54320987654321e-05
2016,308,52016.430374999996,20.0824002048,18.0639414288,1.8809600687999999,0.0
2016,309,12772.327874999999,20.01963994762684,8.33630729623568,3.2138572209492637,0.0211620294599018
2016,310,60297.951625,19.670089680884676,18.885441401263822,2.738731020537125,0.013127962085308057
2016,311,80434.094375,16.685842725832014,21.674458665610143,2.264342419968304,0.0
2016,312,85413.87725,15.574908069510268,22.077534763033174,3.528910120063191,0.0
2016,313,87090.0665,14.683886467614533,21.601114827804107,1.9423644786729857,6.31911532385466e-05
2016,314,45966.501125,17.440381643879174,16.762820184419713,2.6631691891891895,0.0
2016,336,26202.432875,17.314607201520914,12.084489214828897,2.5340305,0.009486692015209125
2016,337,13577.182875,15.614785992945325,8.768180991181659,2.3363022627865964,0.00014109347442680778
2016,338,7676.254125,17.928407005309733,5.750096538053097,4.6541594938053095,0.03010619469026549
2016,339,10024.292,16.78760847140381,6.405100793760831,2.9837956221837088,0.019220103986135183
2016,340,35933.444625,18.04067027729636,13.202987809358753,1.840467993067591,0.0
2016,341,75634.44025,18.067172738617202,17.874237441821247,1.6429174249578415,0.0016863406408094434
2016,342,55707.556,17.26719636789298,15.804738237458194,2.194927618729097,0.0
2016,343,42467.11575,15.82029893581081,14.13103114527027,3.1761544324324325,0.0
2016,344,50321.0471573,17.43313162975779,15.270427084775088,3.2938582871972315,0.0
2016,345,52429.644625,17.192697780068727,15.373520427835052,1.9161512525773197,0.0
2016,346,72985.926,16.233446887755104,17.1808011547619,1.8074830510204083,0.0
2016,347,74113.561375,15.974830098639455,17.1251702329932,1.3796485595238095,0.0
2016,348,51909.127,14.553494113402062,14.639072601374568,1.508648360824742,0.0
2016,349,31891.2855,15.553676882352942,11.826694858455882,3.270925380514706,0.006011029411764706
2016,350,43756.976375,13.849170020618557,12.991832190721649,1.5873139020618556,0.0
2016,351,44547.185,11.960373433566435,14.322936694055945,4.357692515734266,0.0
2016,352,70535.071125,14.79988721901528,16.637602091680815,2.710300066213922,0.0
2016,353,72985.049375,15.576365508532422,16.95733176109215,3.1521901228668945,0.0
2016,354,70790.09925,14.702549048109963,16.997587891752577,2.170217737113402,0.0
2016,355,77517.26925,13.529039221843004,16.8575802116041,2.142889728668942,0.0
2016,356,76636.861,13.56635848989899,16.791732614478114,1.5009820824915825,0.0
2016,357,71686.26278975,15.163562947986579,16.84709915771812,1.8500559731543624,0.0
2016,358,76717.34525,16.690232984667805,17.170304877342417,1.7260647700170357,0.0
2016,359,78094.766,16.370940454700854,17.292484772649573,1.9717094615384616,0.0
2016,360,78027.034,15.83832797260274,17.33605281849315,2.1478596746575342,0.0
2016,361,71116.24875,14.597027317324184,16.610680452830188,1.7241852915951972,0.0
2016,362,75485.784375,15.03293414041096,17.266867214041095,1.648744352739726,1.7123287671232875e-05
2016,363,60184.0110418,16.65789034305317,16.124510986277873,2.33836487135506,0.0
2016,364,71586.113875,16.12978439863714,17.19030454173765,2.5217774957410564,0.0
2017,20,50308.2475,10.635559796232876,14.882733395547946,2.345376785958904,0.0
2017,21,75833.214875,12.728434981937603,18.412438912972085,1.914778382594417,0.0
2017,22,72257.982625,13.679902480392158,18.20719993137255,2.9336057630718955,0.0
2017,23,82468.222125,13.6565693990228,19.32278772801303,1.745548345276873,0.0
2017,24,82142.665,12.956591440842788,19.120286799027554,2.198730492706645,0.0
2017,25,72014.153,12.374755364379084,18.60333901470588,1.6818900147058824,0.0
2017,26,4777.5665,14.313400056478404,4.133048358803987,4.182585990033222,0.017475083056478404
2017,27,67711.237375,13.53105739512195,18.579940162601627,4.616450074796748,0.004796747967479675
2017,28,70421.548625,14.072796172580643,20.030306920967742,1.9983065225806451,0.0
2017,29,73806.92375,14.399973722311396,20.53542862600321,1.5143927752808988,0.0
2017,30,77248.650625,14.218817662903225,20.334014727419355,1.654973179032258,0.0
2017,31,10580.58225,14.36012024222586,7.228795968903437,2.0967267659574467,0.0002945990180032733
2017,32,77707.029125,14.724542042071196,21.685305870550163,1.9136732427184464,0.0
2017,33,41813.155625,16.545554019169327,16.154300255591053,3.250186519169329,3.194888178913738e-05
2017,34,37574.394125,16.42508567808219,17.151178669520547,2.889426491438356,0.0
2017,35,39536.770625,16.702913268608416,15.698774540453075,3.5145362750809057,1.6181229773462782e-05
2017,36,78591.3145,16.144152698608963,21.213394268933538,3.6743175625966,0.0
2017,37,75843.93475,14.620958020408162,22.96891229199372,1.8769231287284143,0.0
2017,38,58895.964375,15.033490364632236,18.923031226917058,2.3943401705790297,1.564945226917058e-05
2017,39,90589.927625,14.67470318604651,23.135736882170544,1.765529768992248,0.0
2017,40,62604.7955,13.143096036418816,18.72433481942337,2.3198281077389984,0.0
2017,41,32659.618875,11.068201626984127,12.918401433333333,1.5806085047619047,0.0021746031746031746
2017,42,8256.829625,11.539377412140576,5.258023731629393,4.255777618210863,0.049376996805111824
2017,43,15451.83475,14.085168179245281,9.041338179245283,2.902908929245283,0.020377358490566037
2017,44,78499.99375,14.51612784899846,22.85421844067797,2.0013097996918336,0.0005855161787365177
2017,45,39509.6600594,14.710559605590062,15.933744340062113,1.5405797670807453,0.0009937888198757764
2017,46,76918.855125,16.190583275541798,23.173210348297214,3.1170538034055726,0.0
2017,47,62415.650875,15.803899357798166,19.87156029510703,2.7040520871559632,0.0
2017,48,84538.77037500001,15.771884775075987,24.079800041033437,2.0815096762917933,1.5197568389057751e-05
2017,49,63722.9797765,16.007399212121214,20.57413888939394,2.2384091818181817,0.0
2017,50,58640.53025,14.558792458715597,19.923692287461773,3.0817024678899085,7.645259938837921e-05
2017,51,27480.6645,14.254700557926828,11.238591653963415,2.479573282012195,0.0
2017,52,71219.788625,16.31913326457399,19.503356032884902,2.8011959342301944,0.0
2017,53,79872.6825,17.036318540298506,22.329399452238807,2.1000000731343285,0.0
2017,54,21644.860125,15.897150601526716,6.7557085816793885,1.3112213877862595,1.5267175572519083e-05
2017,55,67015.572625,16.29649797913562,18.50446042175857,1.8912320447093889,0.0
2017,56,23521.45,15.080328666666666,10.829901068181817,1.3717929712121213,0.0
2017,57,59179.37125,15.984667930513595,19.652660240181266,1.8050856283987915,0.0
2017,58,47905.11725,14.559162213450291,17.516563564327484,2.5238548845029243,0.0
2017,59,21638.797,14.568195975939851,11.126125908270676,2.1869925744360903,0.0
2017,60,82955.602625,15.596598988338194,24.294089061224486,2.1026725626822156,0.0
2017,61,81071.810375,15.892446385611512,23.608798244604316,1.6664988302158275,0.0
2017,62,43301.76225,11.694784576419215,15.885433381368268,4.888161302765647,0.012212518195050946
2017,63,65942.367875,16.827802824404763,22.96360910267857,4.239980366071428,0.0009375
2017,64,46049.868375,16.820469968023257,18.99324542005814,2.434932265988372,0.0
2017,65,80630.194625,17.134366123919307,25.881249772334293,2.1628242910662827,0.0
2017,66,92632.80162500001,18.41735229503546,28.38822181560284,1.5985343035460993,0.0
2017,67,97218.560375,21.764097205091936,28.892312008486563,2.0802924002828855,1.4144271570014144e-05
2017,68,98967.958125,21.323863105485234,29.102299444444448,3.2703236315049224,0.0
2017,69,95287.978,20.28089885955056,28.684214151685396,2.0148175014044942,1.404494382022472e-05
2017,70,68675.893125,19.45586735203366,23.271776504908836,1.229686793828892,1.4025245441795232e-05
2017,71,87789.1105,18.797434235783633,29.250719651872398,3.6573510624133148,0.0
2017,72,75964.33125,15.374213241666666,27.51148512638889,3.2262964333333333,0.0
2017,73,60135.60625,13.971508868715084,21.536953561452513,3.8885942136871505,0.0006424581005586592
2017,74,46205.324,16.68436636056338,15.87304403802817,2.9938968352112676,0.0
2017,75,5186.269625,11.961597836795253,3.7112360267062314,2.9303908367952523,0.03732937685459941
2017,76,66797.187375,16.666735941908712,25.43592099031812,2.7999539972337484,0.0
2017,77,88711.943625,18.685491333333335,26.85408356473829,2.133631849862259,0.0
2017,78,91567.7855,18.694947550068587,28.67463218106996,1.9106767640603566,0.0
2017,79,95012.887625,17.52937168852459,30.32484149863388,1.8436248155737704,0.0
2017,80,49873.45575,14.871878223719676,19.135793502695417,2.8845014797843667,2.6954177897574123e-05
2017,81,57221.135875,13.247328277173912,21.553012395380435,3.5156930828804347,0.003940217391304348
2017,82,62169.2374564,11.345378355191258,23.70230492759563,3.799066657103825,0.002254098360655738
2017,83,87638.32625,11.662472178619756,29.644869668470907,2.5367614776725302,0.0
2017,84,74338.262375,14.460386191117093,26.398242897711977,3.5716914952893672,0.013647375504710634
2017,85,35110.12125,14.303829229729729,13.926447025675674,4.561959683783784,0.019283783783783783
2017,86,81484.5845,16.566600040053405,29.02265689986649,2.7027370867823763,0.0
2017,87,98256.9415,16.518109318242345,32.576390363515316,2.010719106524634,0.0
2017,88,97010.8291625,19.853032262948208,31.684555941567066,2.1328243346613545,0.0
2017,89,79651.310375,18.386371587846764,27.47769268031704,2.3259578243064727,0.0
2017,90,97979.530125,18.238315767195765,32.55151023809523,3.081239101851852,0.0
2017,91,91271.570375,17.35333351633987,30.53022061830065,2.252461951633987,0.0
2017,92,98341.536125,19.097384464332038,32.499395609597926,2.2724817055771727,0.0
2017,93,97566.98475,20.050542559895835,32.64716752864583,2.6707032395833337,2.604166666666667e-05
2017,94,95715.108,19.89090918961039,32.56282672857143,1.7095888051948052,0.0
2017,95,95802.20625,20.021957009032256,32.44457955870968,1.8606452103225806,0.0
2017,96,98789.483375,19.241806443870967,33.04113696387097,2.9451399006451613,0.0
2017,97,99633.527375,20.12762767052767,33.20310507979408,3.0883527683397687,0.0
2017,98,100482.81425,18.87318757014157,33.58057627155727,3.1515660000000003,1.287001287001287e-05
2017,99,96426.032125,18.33839483354511,31.666243486658196,3.916539780177891,0.0
2017,100,83664.83825,19.469398266325225,29.933767152368755,3.2816902778489117,0.0
2017,101,92880.48775,20.35648034815756,30.699517157560358,2.3646125514612453,0.0
2017,102,94965.215125,21.43508885279188,32.146595730964464,2.084179418781726,0.0
2017,103,90218.757625,19.89339333075933,31.254893611325613,1.9072716229086228,0.0
2017,104,93154.0979902,19.55523227848101,33.4476928278481,2.1221941848101267,0.0
2017,105,90928.6045,19.851296834183675,33.36407004719388,2.0463436020408166,2.5510204081632654e-05
2017,106,89668.6227288,21.158658244025155,32.4837935081761,1.9465199911949684,1.2578616352201259e-05
2017,107,91560.391,20.52652376040353,32.1575608852459,2.1395755397225726,0.0
2017,108,86522.2845072,24.650710928481807,31.802814015056462,2.41329995859473,2.509410288582183e-05
2017,109,86560.42075,20.156845665418228,30.457693761548065,4.217478348314607,0.0
2017,110,90635.02175,19.26046613982522,31.17714170162297,5.99808597752809,0.0
2017,111,79821.0517107,17.753733551980197,27.751407263613864,6.109220550742575,0.0
2017,112,79811.52925,18.643220743429286,29.782168315394244,3.3740510488110136,0.0
2017,113,90244.7685,19.24730124845488,31.357521967861558,2.284384107540173,0.0
2017,114,46008.6737823,18.541205345633458,18.493175660516606,2.12876186100861,0.0
2017,115,80899.578625,19.798194298879203,28.893062794520546,2.925093506849315,0.0
2017,116,74793.5225,17.778698044499382,28.718954202719406,2.9378040123609392,0.0
2017,117,28938.850625,-1915693.8531924088,14.500054411238825,-1915707.5902724445,0.005721583652618136
2017,118,56554.369875,18.21832950738916,24.6480736182266,1.9233990615763548,0.015677339901477832
2017,119,89084.81325,18.644633477521264,35.404000953827456,3.5910086707168896,0.0
2017,120,59220.652375,17.988486665030674,24.659796354601227,3.818650462576687,0.0
2017,121,97457.1792704,16.971953414043583,36.341194223970945,2.17891450968523,0.0
2017,122,94244.596,21.182992764423076,35.281645890625,2.363181188701923,0.0
2017,123,95220.1665,22.17711354347826,35.47057723550725,3.2071257584541066,0.0
2017,124,41374.76169865,19.028617547762998,16.852047941958887,2.6652560411124546,0.0
2017,125,72675.714375,18.47707587725632,29.511025447653427,3.213578146811071,0.0015643802647412755
2017,126,70357.17575,18.953289876337696,28.29902524137931,2.2660523900118905,0.0
2017,127,95430.826625,22.269868761336518,36.52966882935561,2.5221958007159904,0.0
2017,128,94651.37055025,21.828887667464112,36.42263771889952,2.381738541866029,0.0
2017,129,87300.96475,19.561797320665082,33.66969100712589,3.256591600950119,0.0
2017,130,54206.095875,19.09501019151515,23.574700055757575,3.295798127272727,0.004254545454545454
2017,131,86272.726375,18.970892859523808,34.08353008452381,3.669682707142857,0.007559523809523809
2017,132,82143.57975,19.15996848463357,32.91151450591017,3.6450947387706853,0.003959810874704492
2017,133,89831.797875,19.364578418439717,35.51204777895981,2.7050237553191487,0.0
2017,134,90901.711625,20.266587326991676,36.99177607372176,2.326714336504162,0.0
2017,135,70842.252625,25.488403123353294,32.8261323497006,2.584211697005988,0.000251497005988024
2017,136,85098.5005,25.963071075089392,34.636757046483915,2.187505041716329,3.575685339690107e-05
2017,137,86940.111375,25.89552941882353,34.90486100705883,2.867647167058823,2.3529411764705884e-05
2017,138,95829.269875,22.35440154225352,37.34204567957747,3.876956366197183,0.0
2017,139,94011.199625,21.965982839390385,37.11412067291911,2.2674092157092613,0.0
2017,140,91881.57075,24.301672498229046,36.04029980165289,3.4482488807556084,0.0
2017,141,35283.313,21.141735319199057,15.25514909305065,3.181978942285041,0.0
2017,142,75726.502613,21.266549540983608,31.048112519906326,2.228512968384075,0.0
2017,143,90203.12325,24.26795327251462,35.82099326666667,2.5915400549707606,0.0
2017,144,88209.987,24.564575988276673,34.205420549824154,2.9908168710433762,0.0
2017,145,85669.1275,22.473500808411217,33.65482065537383,2.732087346962617,0.0
2017,146,29400.186,21.26805046975089,13.865340798339263,1.7321273760379596,0.00020166073546856468
2017,147,54803.14975,20.70992157882353,23.492495408235293,2.40027462,2.3529411764705884e-05
2017,148,70340.60525,21.05665104084014,30.95210746791132,2.6971024119019837,0.0
2017,149,82391.7195,21.68015506744186,34.179163060465115,3.3170738,0.0
2017,150,88173.2705,23.593515293844366,37.36322457607433,3.1142858780487805,0.0
2017,151,87644.6845,24.661832853828304,36.8235916299304,2.6830240765661255,1.160092807424594e-05
2017,152,86968.11825,25.653789670533644,35.10305169489559,2.6799111693735496,0.0
2017,153,85129.431,26.35023200696056,35.11251708352668,2.5897912853828307,1.160092807424594e-05
2017,154,86002.164625,25.657879536500577,35.49609569177289,3.179104041714948,0.0
2017,155,86235.362125,24.472897416666665,35.73873362268518,3.595601990740741,0.0
2017,156,89787.981,24.47458574797688,37.616006965317915,3.255722684393064,0.0
2017,157,88329.236,24.033988400000002,37.86168128901734,2.7190174716763003,2.3121387283236996e-05
2017,158,87543.711,28.62671280138568,37.313556046189376,2.5165512852193994,5.773672055427252e-05
2017,159,80955.7625,26.856984782305005,34.40421642724098,2.341754079161816,2.3282887077997672e-05
2017,160,76875.35725,24.747715050691244,32.99982376843318,2.3388633847926266,6.912442396313364e-05
2017,161,84707.648875,26.44505389838337,37.621922438799075,2.0196305623556583,0.0
2017,162,79730.74775,27.31000776674365,35.01256810161663,2.0097768244803698,0.00012702078521939953
2017,163,85443.84125,29.27802232908459,36.21271045886442,2.806257353418308,1.1587485515643105e-05
2017,164,63705.735375,22.910184230149596,27.486566743383197,2.9500001231300343,8.05523590333717e-05
2017,171,83239.44525,26.074789289655172,35.1636568770115,2.754866005747126,4.597701149425287e-05
2017,172,48865.643375,23.58271733025404,22.25368731408776,3.082274988452656,0.00018475750577367207
2017,173,85162.867125,24.769575168771528,36.36224071756602,2.6435707152698047,0.0
2017,174,81956.393,29.08611423935558,35.01113422094362,2.6197737779056385,0.00014959723820483315
2017,175,70811.575125,32.092440347826084,30.030303782608698,3.7169214394829613,1.1750881316098707e-05
2017,176,66375.805,28.70218140068886,28.56856047990815,3.6964218691159587,0.0023880597014925373
2017,177,88422.70625,24.373038636050516,38.00229502870264,2.9678723076923075,6.888633754305396e-05
2017,181,87608.335,24.132873537931033,37.084997933333334,3.301781756321839,0.0
2017,182,88060.015625,25.03614293119266,37.76028274082569,2.8694572889908256,0.00011467889908256881
2017,183,87302.351625,27.742125323394493,37.59865113417431,2.8499045550458715,0.000194954128440367
2017,184,85991.81025,27.87125933409874,37.632097268656715,2.849751376578645,0.00010332950631458093
2017,185,76919.913875,24.483582347126436,33.62585922528736,3.061513542528736,9.195402298850575e-05
2017,186,67718.681875,23.39291996326062,29.71170598163031,2.809892962112514,0.0
2017,187,90029.007,22.219923363218392,37.88683908505747,3.797835428735632,3.4482758620689657e-05
2017,188,89617.0165,23.17530656091954,37.318640394252874,4.300728163218391,0.0
2017,189,85943.250875,23.33222219770115,36.385543408045976,2.8199618057471265,1.1494252873563218e-05
2017,190,82595.046625,23.92067048045977,36.77794342298851,2.6245786482758624,2.2988505747126437e-05
2017,191,86021.610125,25.13471423475259,37.30728988147296,2.3596088319907937,9.205983889528193e-05
2017,192,87944.931375,27.437572000000003,36.99729750057537,2.426409760644419,1.1507479861910241e-05
2017,193,78644.817,30.443418034642033,31.730988837182448,2.304465072748268,3.464203233256351e-05
2017,194,82372.20375,30.677186897109827,32.66518265202312,1.896011619653179,1.1560693641618498e-05
2017,195,83014.496,28.48158398154556,33.48152340253749,2.246866678200692,5.7670126874279124e-05
2017,196,82692.2245,26.13807599078341,34.63834723156682,2.321735870967742,0.0
2017,197,83103.680875,27.440727774680607,33.26752606387921,2.176287332171893,0.0
2017,198,74263.179625,29.458072602549247,29.276757587485516,2.3023368957126302,2.317497103128621e-05
2017,199,72691.591625,27.55243573532796,29.94295732105869,2.5091293774453396,0.0
2017,200,86562.6615,24.9913388125,37.004108287037035,3.5171876666666666,0.0
2017,201,85400.029875,24.65986081902552,36.86377812761021,4.113998648491879,0.0
2017,202,89801.2375,24.414600187717266,36.223193581691774,3.711085514484357,0.0
2017,203,84073.36925,25.08335271461717,35.958518943155454,2.555607209976798,0.0001160092807424594
2017,204,87823.600625,26.27057237587007,35.988997191415315,2.217362800464037,8.120649651972159e-05
2017,205,83386.8025,30.03601714352392,34.02425252975496,2.683255641773629,0.0001866977829638273
2017,206,79572.1485,27.949999908984832,28.940369301050175,2.0544146861143524,4.667444574095683e-05
2017,207,83369.830625,25.49321211267606,34.27438354812207,2.467507937793427,2.347417840375587e-05
2017,208,83711.486125,29.145408349355215,34.33458092731536,2.478917654161782,0.0
2017,209,84936.562625,29.42459847708578,36.26505134782609,2.195123466509988,4.700352526439483e-05
2017,210,83760.290125,29.506988603062428,35.06385303180212,2.671594133097762,0.0
2017,211,84412.963125,30.248996536009443,35.05728542384888,3.015328737898465,2.361275088547816e-05
2017,212,83026.347625,25.917576078291816,34.28174229537366,2.885982737841044,0.0
2017,213,81586.98675,27.566587346016647,34.15116006420928,3.05386457431629,0.0
2017,214,86753.9702197,26.17319095610913,36.28623374970344,2.5572757176749703,0.0
2017,215,85101.6195,29.36320264845606,35.986796871733965,2.133036505938242,2.3752969121140145e-05
2017,216,82770.17575,32.82770524613555,35.51077152318668,2.4841459750297266,0.0
2017,217,82409.084375,32.4376338549346,33.53026099524376,2.182520892984542,1.1890606420927467e-05
2017,218,79274.926054,28.008805838359468,31.413530507840772,2.318918463208685,0.0
2017,219,80865.02325,28.617743924390247,31.518561326829268,2.884695245121951,0.0
2017,220,86076.121009,28.384313839135654,35.5443130360144,2.5273310600240095,0.0
2017,221,88867.381875,26.69767912364946,35.49218265066026,3.28323343937575,0.0
2017,222,85922.556625,26.838439905910736,34.44256674185766,2.7940893763570567,0.0
2017,223,83933.6855,27.524112198547215,34.36713718886198,3.070722484261501,0.0
2017,224,84153.837,28.029308143203885,34.557995512135925,2.6897857111650483,0.0
2017,225,83497.976,27.499411235079172,34.043545732034104,2.533008621193666,0.0
2017,226,79030.6055,27.304808484107582,30.739323590464547,2.4642828960880196,0.0
2017,227,82956.879625,27.350652034229828,32.88340917114915,2.3155461161369195,0.0
2017,228,81312.453,29.93921574509804,30.338605594362747,2.123447787990196,0.0
2017,229,74268.25125,27.293875834771885,24.619836595561036,1.8760789765721333,1.2330456226880395e-05
2017,230,82191.19075,27.8422004408867,31.849202167487682,2.239224236453202,0.0
2017,231,82852.7145,28.865775328358207,33.210044861940304,1.9980307686567162,0.0
2017,232,81233.31,28.21032642379182,32.38911592193308,2.5466750322180918,0.0
2017,233,81963.827875,27.01158607434944,33.12853949938042,2.867554843866171,0.0
2017,234,82509.7675,27.55284704488778,33.67936658977556,2.3880092394014962,0.0
2017,235,77662.37225,27.886487095238092,31.061403530075186,2.332142954887218,0.0
2017,236,76756.146625,27.813519664596274,30.56892086956522,2.601118085714286,0.0
2017,237,69485.112375,26.906012637974687,27.77191093670886,2.058101334177215,6.329113924050633e-05
2017,238,41348.200125,26.983568305128205,18.764819975641025,2.4596154846153846,6.41025641025641e-05
2017,239,80414.003375,24.488356802043423,32.379509476372924,3.48671790293742,0.0
2017,240,70042.771125,22.555750171206224,30.73057362775616,2.9816257159533075,0.0
2017,241,83622.786875,23.221607297709923,31.851160385496183,2.599894092875318,0.0
2017,242,83313.019,23.913853342710997,32.4058480230179,2.4710998580562658,0.0
2017,243,84177.075125,26.60634310600255,31.89313254789272,2.3779055721583653,0.0
2017,274,75597.61125,25.34830952,26.614731375714285,2.2818572342857144,7.142857142857143e-05
2017,275,81200.4077094,26.515539850704226,27.4035943971831,2.5514320169014084,2.8169014084507043e-05
2017,276,84001.236375,26.58634645480226,27.620027683615817,2.5770481073446327,0.0
2017,277,81390.416625,25.51051144034091,27.16914703409091,2.7507340227272725,2.840909090909091e-05
2017,278,83799.70425,26.066761445234707,26.759875553342816,2.80042686344239,7.112375533428166e-05
2017,279,84494.8755,25.514981008547007,27.051202075498573,2.0438272378917377,5.6980056980056985e-05
2017,280,79707.7925,24.417406942693408,25.79966457449857,2.2906400028653295,0.0
2017,281,80401.417875,24.5841953591954,25.3532206091954,2.2579981752873564,1.4367816091954022e-05
2017,282,78360.266625,25.06560860894661,24.216674174603174,1.8405484126984129,0.0
2017,283,79519.063125,24.53913897822932,24.694111933236574,1.551112779390421,5.8055152394775034e-05
2017,284,68653.248875,26.312796383164006,22.33361043105951,2.6648767431059506,1.4513788098693759e-05
2017,285,73282.575,24.88279646852123,23.22206731332357,1.7401416032210835,1.4641288433382138e-05
2017,286,62756.672759,25.771180461309523,22.07762675297619,1.6624008452380952,0.0
2017,287,44307.909,27.190248785074626,17.21878743432836,2.1493781746268654,1.4925373134328359e-05
2017,288,76639.167125,25.020771492581602,23.653332856083086,3.467309737388724,0.0
2017,289,23467.480375,22.664872250737464,11.706363119469026,4.126548843657817,0.0
2017,290,54362.5498094,21.771550942598186,20.89104315407855,2.4111028232628398,7.552870090634441e-05
2017,291,46683.259875,19.52273185321101,20.01823604434251,2.9229359021406727,0.0021253822629969422
2017,292,44113.106625,21.76074842488619,17.740160515933233,2.9883916342943855,0.0
2017,293,31078.734875,21.85536332330827,14.786489769924813,1.8829324120300752,0.0
2017,294,76460.609625,23.331197239940387,23.915661287630403,1.844436207153502,2.9806259314456036e-05
2017,295,86790.981375,22.497411322485206,24.367183960059172,1.9458827041420117,7.396449704142012e-05
2017,296,83448.34175,23.250425375375375,24.302602996996995,2.246471557057057,0.0
2017,297,86150.750625,22.442317216216217,23.68266797897898,2.834534641141141,0.0
2017,298,72404.688,21.542234051437216,21.235769086232978,2.319818540090772,0.0
2017,299,83316.65525,24.153692503793625,23.08903593171472,2.4480527040971167,0.0001820940819423369
2017,300,83403.782625,24.252638270928465,23.307209487062405,2.338762150684931,3.0441400304414005e-05
2017,301,82872.214,24.358422637059725,22.709340941807046,2.480959751914242,0.0
2017,302,82486.5005,21.264340490797547,23.057522765337424,1.9346626457055216,1.5337423312883436e-05
2017,303,72041.235147,20.66920524,21.020161407692306,2.123205206153846,1.5384615384615384e-05
2017,304,72878.694125,20.681630535603716,21.33249542879257,2.5497162925696597,0.0
2017,335,81661.6516865,13.319052063973064,18.23701654208754,2.4919193030303033,0.0
2017,336,82919.462125,12.618868996655518,18.051489575250837,2.3117336471571908,0.0
2017,337,83003.609625,12.950810090452261,18.01246886599665,2.3971525142378556,0.0
2017,338,83355.16075,13.018037402684563,17.777634095637584,2.8371925167785235,0.0
2017,339,79846.829375,14.243508059021922,17.673118161888702,2.51514905227656,0.0
2017,340,77370.851,14.056897947635136,17.42873760472973,2.193637466216216,0.0
2017,341,76751.379375,14.12445794824708,17.07020587312187,1.783305547579299,0.0
2017,342,74763.439625,15.862535159128978,17.28522555108878,1.8785316197654942,0.0
2017,343,63094.477875,18.978911551020406,16.489095591836733,2.6751418129251703,0.0
2017,344,53827.5405,16.611900720970535,15.891629426343155,2.8434143327556325,0.0
2017,345,47813.80725,12.441228610526315,14.168795929824562,3.1873100894736845,0.0025087719298245614
2017,346,80944.729125,13.119327093378608,17.47952979796265,2.1765139439728354,0.0
2017,347,78329.08525,13.444585884940778,17.496993125211507,2.0106599678510997,0.0
2017,348,22434.216,15.072843059221658,10.867732253807107,1.8429075634517769,0.0
2017,349,46238.175875,16.703403291448517,15.258528560209426,3.2715533769633507,0.0
2017,350,78979.147,14.340760102040816,17.342655224489793,2.04178012755102,0.0
2017,351,81398.0205,13.790124998302208,17.297641658743633,2.800141594227504,0.0
2017,352,78373.111,13.683333793814432,17.2212601580756,2.1494846065292097,0.0
2017,353,76067.376125,15.099628067010308,17.030576463917527,2.2276060446735393,1.7182130584192442e-05
2017,354,76138.5105,14.923554812925172,16.8648648877551,1.7540533571428572,0.0
2017,355,77047.875,14.375340542517007,16.893391889455785,2.1445295357142857,0.0
2017,356,74825.197875,15.64812925170068,16.783067903061227,1.8106009880952383,1.7006802721088435e-05
2017,357,71570.4215,13.430603476109214,15.905279208191127,2.0168373890784985,0.0
2017,358,9589.386875,13.858918484210527,5.853111085964912,2.2576609228070175,0.035070175438596494
2017,359,40746.7865,14.737195264054517,12.944335969335606,1.6631176064735946,0.00022146507666098809
2017,360,31034.706375,14.159693677083332,11.793079749999999,2.0774885104166665,0.0
2017,361,34217.506125,16.122580950764007,11.722285969439728,4.187578008488964,0.0003735144312393888
2017,362,41934.48725,17.10229105154639,13.716846670103093,3.4782647508591067,0.0
2017,363,30872.800829,16.81097025042301,11.343249203045685,2.136971306260575,0.0
2017,364,68848.61025,17.839754753424657,17.106736611301372,1.658618785958904,0.0
2017,365,34447.77675,15.912440610714286,13.181435848214287,2.389196516071429,0.0
